OPGR_ID,VONDSTNR,INHOUD,ABR_ALG,ABR_SPECSVU,AANTAL,GEWICHT,DOOSNR,LOKATIE,BEWAARD?,OPMERKING,INVDATUM,BEWAARCATEGORIE
CUIK3-07,1,VST,SXX,SVU,1,40.4,1,,FALSE,vuursteen,1-10-2007,
CUIK3-07,4,AWH,KER,AWH,3,6.2,3,,FALSE,,1-10-2007,
CUIK3-07,6,AWH,KER,AWH,11,23.8,3,,FALSE,,1-10-2007,
CUIK3-07,6,VST,SXX,SVU,1,2.2,1,,FALSE,vuursteen,1-10-2007,
CUIK3-07,7,AWH,KER,AWH,3,19.8,3,,FALSE,,1-10-2007,
CUIK3-07,7,BW,KER,BOUWMAT,1,165.2,6,,FALSE,,1-10-2007,
CUIK3-07,7,NS,SXX,SXX,1,2.4,2,,FALSE,ONBEWERKT,1-10-2007,
CUIK3-07,9,BW,KER,BOUWMAT,2,36.1,6,,FALSE,,1-10-2007,
CUIK3-07,10,AWH,KER,AWH,11,35.4,3,,FALSE,,1-10-2007,
CUIK3-07,11,AWG,KER,AWG,1,4.8,4,,FALSE,,1-10-2007,
CUIK3-07,11,AWH,KER,AWH,4,30.4,3,,FALSE,,1-10-2007,
CUIK3-07,12,AWG,KER,AWG,3,4.8,4,,FALSE,,1-10-2007,
CUIK3-07,12,AWH,KER,AWH,5,41.8,3,,FALSE,,1-10-2007,
CUIK3-07,13,AWH,KER,AWH,5,24.4,3,,FALSE,,1-10-2007,
CUIK3-07,13,NS,SXX,SXX,1,28.4,2,,FALSE,ONBEWERKT,1-10-2007,
CUIK3-07,13,VST,SXX,SVU,1,4.6,1,,FALSE,vuursteen,1-10-2007,
CUIK3-07,14,BW,KER,BOUWMAT,1,26.8,6,,FALSE,,1-10-2007,
CUIK3-07,15,AWH,KER,AWH,1,10.2,3,,FALSE,,1-10-2007,
CUIK3-07,17,AWH,KER,AWH,4,19.4,3,,FALSE,,1-10-2007,
CUIK3-07,20,AWH,KER,AWH,1,4.2,3,,FALSE,,1-10-2007,
CUIK3-07,21,AWH,KER,AWH,3,33.2,3,,FALSE,,1-10-2007,
CUIK3-07,22,AWG,KER,AWG,1,144.6,4,,FALSE,,1-10-2007,
CUIK3-07,23,NS,SXX,SXX,1,2.8,2,,FALSE,ONBEWERKT,1-10-2007,
CUIK3-07,24,AWH,KER,AWH,6,20.4,3,,FALSE,,1-10-2007,
CUIK3-07,25,AWH,KER,AWH,2,10.2,3,,FALSE,,1-10-2007,
CUIK3-07,26,AWH,KER,AWH,16,52.3,3,,FALSE,,1-10-2007,
CUIK3-07,26,BW,KER,BOUWMAT,1,5.5,6,,FALSE,,1-10-2007,
CUIK3-07,26,VST,SXX,SVU,1,3.6,1,,FALSE,vuursteen,1-10-2007,
CUIK3-07,27,BW,KER,BOUWMAT,2,18.2,6,,FALSE,,1-10-2007,
CUIK3-07,28,MET,MXX,MXX,1,6.6,,afgestoten,FALSE,,1-10-2007,
CUIK3-07,30,AWH,KER,AWH,2,3.6,3,,FALSE,,1-10-2007,
CUIK3-07,31,AWH,KER,AWH,3,12.6,3,,FALSE,,1-10-2007,
CUIK3-07,32,AWH,KER,AWH,5,25.8,3,,FALSE,,1-10-2007,
CUIK3-07,32,SLK,MXX,SLAK,1,8.2,1,,FALSE,,1-10-2007,
CUIK3-07,33,AWG,KER,AWG,1,3.7,4,,FALSE,,1-10-2007,
CUIK3-07,33,AWH,KER,AWH,2,4.7,3,,FALSE,,1-10-2007,
CUIK3-07,34,AWH,KER,AWH,3,8.2,3,,FALSE,,1-10-2007,
CUIK3-07,35,AWG,KER,AWG,1,5.2,4,,FALSE,,1-10-2007,
CUIK3-07,35,AWH,KER,AWH,10,28.8,3,,FALSE,,1-10-2007,
CUIK3-07,36,AWH,KER,AWH,3,11.2,3,,FALSE,,1-10-2007,
CUIK3-07,38,AWH,KER,AWH,16,71.4,3,,FALSE,,1-10-2007,
CUIK3-07,39,AWH,KER,AWH,4,19.2,3,,FALSE,,1-10-2007,
CUIK3-07,40,AWH,KER,AWH,9,39.4,3,,FALSE,,1-10-2007,
CUIK3-07,41,AWH,KER,AWH,4,38.8,3,,FALSE,,1-10-2007,
CUIK3-07,42,AWH,KER,AWH,2,47.8,3,,FALSE,,1-10-2007,
CUIK3-07,43,NS,SXX,SXX,2,38.6,2,,FALSE,ONBEWERKT,1-10-2007,
CUIK3-07,44,AWH,KER,AWH,36,101.8,3,,FALSE,,1-10-2007,
CUIK3-07,45,BW,KER,BOUWMAT,1,74.8,6,,FALSE,,1-10-2007,
CUIK3-07,46,AWH,KER,AWH,5,22.5,3,,FALSE,,1-10-2007,
CUIK3-07,47,AWG,KER,AWG,1,33.6,4,,FALSE,,1-10-2007,
CUIK3-07,47,BW,KER,BOUWMAT,1,143.1,6,,FALSE,,1-10-2007,
CUIK3-07,50,AWH,KER,AWH,3,11.2,3,,FALSE,,1-10-2007,
CUIK3-07,51,AWH,KER,AWH,1,5.2,3,,FALSE,,1-10-2007,
CUIK3-07,52,AWG,KER,AWG,4,52.4,4,,FALSE,,1-10-2007,
CUIK3-07,54,AWH,KER,AWH,8,30.2,3,,FALSE,,1-10-2007,
CUIK3-07,61,AWH,KER,AWH,4,29.6,3,,FALSE,,1-10-2007,
CUIK3-07,62,AWG,KER,AWG,2,11.6,4,,FALSE,,1-10-2007,
CUIK3-07,64,AWH,KER,AWH,1,2.2,3,,FALSE,,1-10-2007,
CUIK3-07,65,NS,SXX,SXX,2,17.6,2,,FALSE,ONBEWERKT,1-10-2007,
CUIK3-07,66,NS,SXX,SXX,1,5.4,2,,FALSE,ONBEWERKT,1-10-2007,
CUIK3-07,67,AWG,KER,AWG,1,2.2,4,,FALSE,,1-10-2007,
CUIK3-07,67,AWH,KER,AWH,12,72.8,3,,FALSE,,1-10-2007,
CUIK3-07,68,AWH,KER,AWH,6,30.4,3,,FALSE,,1-10-2007,
CUIK3-07,69,AWG,KER,AWG,1,7.6,4,,FALSE,,1-10-2007,
CUIK3-07,70,BW,KER,BOUWMAT,1,37.6,6,,FALSE,,1-10-2007,
CUIK3-07,72,NS,SXX,SXX,2,2.4,2,,FALSE,ONBEWERKT,1-10-2007,
CUIK3-07,75,AWH,KER,AWH,3,15.6,3,,FALSE,,1-10-2007,
CUIK3-07,79,AWH,KER,AWH,1,24.4,8,,FALSE,,1-10-2007,
CUIK3-07,80,AWH,KER,AWH,3,14.8,3,,FALSE,,1-10-2007,
CUIK3-07,80,NS,SXX,SXX,1,192.8,2,,FALSE,ARTEFACT,1-10-2007,
CUIK3-07,81,AWH,KER,AWH,3,8.4,3,,FALSE,,1-10-2007,
CUIK3-07,82,AWG,KER,AWG,1,3.9,4,,FALSE,,1-10-2007,
CUIK3-07,82,AWH,KER,AWH,1,28.2,8,,FALSE,,1-10-2007,
CUIK3-07,83,AWH,KER,AWH,3,7.8,3,,FALSE,,1-10-2007,
CUIK3-07,83,NS,SXX,SXX,2,779.6,2,,FALSE,ONBEWERKT,1-10-2007,
CUIK3-07,84,AWH,KER,AWH,4,21.7,3,,FALSE,,1-10-2007,
CUIK3-07,85,AWH,KER,AWH,2,6.2,3,,FALSE,,1-10-2007,
CUIK3-07,87,AWH,KER,AWH,1,6.6,3,,FALSE,,1-10-2007,
CUIK3-07,88,AWH,KER,AWH,6,84.8,3,,FALSE,,1-10-2007,
CUIK3-07,89,AWH,KER,AWH,2,30.2,3,,FALSE,,1-10-2007,
CUIK3-07,90,AWH,KER,AWH,1,6.2,3,,FALSE,,1-10-2007,
CUIK3-07,91,AWH,KER,AWH,4,18.6,3,,FALSE,,1-10-2007,
CUIK3-07,93,AWH,KER,AWH,1,8.6,3,,FALSE,,1-10-2007,
CUIK3-07,93,NS,SXX,SXX,1,12.2,2,,FALSE,ONBEWERKT,1-10-2007,
CUIK3-07,94,NS,SXX,SXX,1,10.6,2,,FALSE,ONBEWERKT,1-10-2007,
CUIK3-07,96,AWH,KER,AWH,2,10.6,3,,FALSE,,1-10-2007,
CUIK3-07,97,AWH,KER,AWH,1,7.2,3,,FALSE,,1-10-2007,
CUIK3-07,98,AWH,KER,AWH,1,2.8,3,,FALSE,,1-10-2007,
CUIK3-07,99,AWH,KER,AWH,7,25.9,3,,FALSE,,1-10-2007,
CUIK3-07,100,VST,SXX,SVU,1,3.2,1,,FALSE,vuursteen,1-10-2007,
CUIK3-07,102,AWH,KER,AWH,1,5.2,3,,FALSE,,1-10-2007,
CUIK3-07,104,AWH,KER,AWH,1,13.4,3,,FALSE,,1-10-2007,
CUIK3-07,105,AWG,KER,AWG,3,5.4,4,,FALSE,,1-10-2007,
CUIK3-07,105,AWH,KER,AWH,2,6.4,3,,FALSE,,1-10-2007,
CUIK3-07,105,NS,SXX,SXX,1,12.2,2,,FALSE,ONBEWERKT,1-10-2007,
CUIK3-07,107,AWH,KER,AWH,1,2.6,3,,FALSE,,1-10-2007,
CUIK3-07,108,AWH,KER,AWH,2,6.6,3,,FALSE,,1-10-2007,
CUIK3-07,109,MET,MXX,MXX,1,111.2,,afgestoten,FALSE,,1-10-2007,
CUIK3-07,110,AWG,KER,AWG,1,3.4,4,,FALSE,,1-10-2007,
CUIK3-07,111,AWH,KER,AWH,1,8.6,3,,FALSE,,1-10-2007,
CUIK3-07,113,AWG,KER,AWG,1,6.6,4,,FALSE,,1-10-2007,
CUIK3-07,113,NS,SXX,SXX,1,15.2,2,,FALSE,ONBEWERKT,1-10-2007,
CUIK3-07,114,AWH,KER,AWH,18,74.5,3,,FALSE,,1-10-2007,
CUIK3-07,115,AWH,KER,AWH,1,3.8,3,,FALSE,,1-10-2007,
CUIK3-07,115,NS,SXX,SXX,3,3.4,2,,FALSE,ONBEWERKT,1-10-2007,
CUIK3-07,116,AWH,KER,AWH,2,2.2,3,,FALSE,,1-10-2007,
CUIK3-07,116,VST,SXX,SVU,1,16.2,1,,FALSE,vuursteen,1-10-2007,
CUIK3-07,117,AWH,KER,AWH,2,45.5,3,,FALSE,,1-10-2007,
CUIK3-07,118,AWH,KER,AWH,1,5.4,3,,FALSE,,1-10-2007,
CUIK3-07,119,AWG,KER,AWG,4,92.1,4,,FALSE,,1-10-2007,
CUIK3-07,119,AWH,KER,AWH,3,17.4,3,,FALSE,,1-10-2007,
CUIK3-07,120,AWG,KER,AWG,2,5.6,4,,FALSE,,1-10-2007,
CUIK3-07,121,BW,KER,BOUWMAT,2,64.1,6,,FALSE,,1-10-2007,
CUIK3-07,122,AWH,KER,AWH,13,99.7,8,,FALSE,,1-10-2007,
CUIK3-07,122,BW,KER,BOUWMAT,1,6.4,6,,FALSE,,1-10-2007,
CUIK3-07,122,NS,SXX,SXX,1,52.1,2,,FALSE,ONBEWERKT,1-10-2007,
CUIK3-07,122,VKL,KER,HUTTELM,1,13.1,1,,FALSE,,1-10-2007,
CUIK3-07,123,AWH,KER,AWH,27,124.6,3,,FALSE,,1-10-2007,
CUIK3-07,123,VST,SXX,SVU,1,5.4,1,,FALSE,vuursteen,1-10-2007,
CUIK3-07,124,AWH,KER,AWH,11,124.6,3,,FALSE,,1-10-2007,
CUIK3-07,124,HK,OXX,oph,40,4.8,1,,FALSE,,1-10-2007,
CUIK3-07,124,SLK,MXX,SLAK,1,16.6,1,,FALSE,,1-10-2007,
CUIK3-07,125,AWH,KER,AWH,28,323.6,8,,FALSE,,1-10-2007,
CUIK3-07,125,BW,KER,BOUWMAT,4,13.8,6,,FALSE,,1-10-2007,
CUIK3-07,125,NS,SXX,SXX,2,11.8,2,,FALSE,ONBEWERKT,1-10-2007,
CUIK3-07,126,AWG,KER,AWG,34,404.8,4,,FALSE,,1-10-2007,
CUIK3-07,126,BW,KER,BOUWMAT,3,14.1,6,,FALSE,,1-10-2007,
CUIK3-07,126,MET,MXX,MXX,1,4.4,,afgestoten,FALSE,,1-10-2007,
CUIK3-07,126,PIJP,KER,PIJP,1,2.4,1,,FALSE,,1-10-2007,
CUIK3-07,127,AWG,KER,AWG,11,102.4,4,,FALSE,,1-10-2007,
CUIK3-07,127,PIJP,KER,PIJP,1,4.8,1,,FALSE,,1-10-2007,
CUIK3-07,128,AWH,KER,AWH,21,231.9,4,,FALSE,,1-10-2007,
CUIK3-07,128,MET,MXX,MXX,1,389.3,,afgestoten,FALSE,,1-10-2007,
CUIK3-07,128,NS,SXX,SXX,3,102.3,2,,FALSE,ONBEWERKT,1-10-2007,
CUIK3-07,134,AWH,KER,AWH,1,5.6,3,,FALSE,,1-10-2007,
CUIK3-07,135,PIJP,KER,PIJP,1,10.3,1,,FALSE,,1-10-2007,
CUIK3-07,136,AWG,KER,AWG,1,5.8,4,,FALSE,,1-10-2007,
CUIK3-07,136,MET,MXX,MXX,1,10.2,,afgestoten,FALSE,,1-10-2007,
CUIK3-07,138,AWG,KER,AWG,1,6.3,4,,FALSE,,1-10-2007,
CUIK3-07,138,AWH,KER,AWH,2,10.6,3,,FALSE,,1-10-2007,
CUIK3-07,138,BT,OXX,OXB,2,5.2,1,,FALSE,,1-10-2007,
CUIK3-07,138,BW,KER,BOUWMAT,1,292.6,6,,FALSE,,1-10-2007,
CUIK3-07,138,VST,SXX,SVU,1,17.2,1,,FALSE,vuursteen,1-10-2007,
CUIK3-07,139,AWH,KER,AWH,2,68.3,3,,FALSE,,1-10-2007,
CUIK3-07,139,NS,SXX,SXX,1,60.6,2,,FALSE,ONBEWERKT,1-10-2007,
CUIK3-07,140,AWH,KER,AWH,2,3.8,3,,FALSE,,1-10-2007,
CUIK3-07,140,NS,SXX,SXX,1,2.2,2,,FALSE,ONBEWERKT,1-10-2007,
CUIK3-07,141,AWH,KER,AWH,2,6.4,3,,FALSE,,1-10-2007,
CUIK3-07,142,AWG,KER,AWG,6,21.8,4,,FALSE,,1-10-2007,
CUIK3-07,142,BW,KER,BOUWMAT,2,13.8,6,,FALSE,,1-10-2007,
CUIK3-07,145,MET,MXX,MXX,2,37.2,,afgestoten,FALSE,,1-10-2007,
CUIK3-07,146,AWH,KER,AWH,2,14.8,3,,FALSE,,1-10-2007,
CUIK3-07,148,VST,SXX,SVU,2,75.6,1,,FALSE,vuursteen,1-10-2007,
CUIK3-07,149,AWH,KER,AWH,1,13.2,3,,FALSE,,1-10-2007,
CUIK3-07,151,MET,MXX,MXX,1,1.8,,afgestoten,FALSE,,1-10-2007,
CUIK3-07,152,BT,OXX,OXB,40,16.7,1,,FALSE,,1-10-2007,
CUIK3-07,152,BW,KER,BOUWMAT,1,89.7,6,,FALSE,,1-10-2007,
CUIK3-07,153,AWG,KER,AWG,5,41.4,4,,FALSE,,1-10-2007,
CUIK3-07,154,NS,SXX,SXX,1,6.4,2,,FALSE,ONBEWERKT,1-10-2007,
CUIK3-07,155,AWG,KER,AWG,15,120.6,4,,FALSE,,1-10-2007,
CUIK3-07,156,AWH,KER,AWH,1,2.4,3,,FALSE,,1-10-2007,
CUIK3-07,158,MET,MXX,MXX,1,14.4,,afgestoten,FALSE,,1-10-2007,
CUIK3-07,159,AWH,KER,AWH,2,16.2,3,,FALSE,,1-10-2007,
CUIK3-07,160,AWG,KER,AWG,7,71.2,4,,FALSE,,1-10-2007,
CUIK3-07,161,AWG,KER,AWG,1,3.4,4,,FALSE,,1-10-2007,
CUIK3-07,161,PIJP,KER,PIJP,1,9.6,1,,FALSE,,1-10-2007,
CUIK3-07,161,SLK,MXX,SLAK,1,15.2,1,,FALSE,,1-10-2007,
CUIK3-07,162,AWH,KER,AWH,1,2.6,3,,FALSE,,1-10-2007,
CUIK3-07,162,VST,SXX,SVU,1,22.2,1,,FALSE,vuursteen,1-10-2007,
CUIK3-07,163,AWH,KER,AWH,3,33.8,3,,FALSE,,1-10-2007,
CUIK3-07,164,AWH,KER,AWH,1,38.8,3,,FALSE,,1-10-2007,
CUIK3-07,166,AWH,KER,AWH,1,10.2,3,,FALSE,,1-10-2007,
CUIK3-07,167,AWH,KER,AWH,14,21.7,3,,FALSE,,1-10-2007,
CUIK3-07,167,NS,SXX,SXX,1,8.4,2,,FALSE,ONBEWERKT,1-10-2007,
CUIK3-07,168,AWH,KER,AWH,1,14.4,3,,FALSE,,1-10-2007,
CUIK3-07,170,AWH,KER,AWH,44,133.2,3,,FALSE,,1-10-2007,
CUIK3-07,171,AWH,KER,AWH,2,8.2,3,,FALSE,,1-10-2007,
CUIK3-07,174,NS,SXX,SXX,1,1.4,2,,FALSE,ONBEWERKT,1-10-2007,
CUIK3-07,175,AWH,KER,AWH,1,5.4,3,,FALSE,,1-10-2007,
CUIK3-07,176,AWG,KER,AWG,1,5.2,4,,FALSE,,1-10-2007,
CUIK3-07,177,AWH,KER,AWH,3,12.2,3,,FALSE,,1-10-2007,
CUIK3-07,178,AWH,KER,AWH,4,6.4,3,,FALSE,,1-10-2007,
CUIK3-07,180,NS,SXX,SXX,1,10.2,2,,FALSE,ONBEWERKT,1-10-2007,
CUIK3-07,181,AWG,KER,AWG,1,5.6,4,,FALSE,,1-10-2007,
CUIK3-07,182,AWH,KER,AWH,1,3.2,3,,FALSE,,1-10-2007,
CUIK3-07,184,AWH,KER,AWH,1,1.6,3,,FALSE,,1-10-2007,
CUIK3-07,185,AWH,KER,AWH,1,2.4,3,,FALSE,,1-10-2007,
CUIK3-07,186,AWH,KER,AWH,1,3.6,3,,FALSE,,1-10-2007,
CUIK3-07,187,NS,SXX,SXX,1,7.4,2,,FALSE,ONBEWERKT,1-10-2007,
CUIK3-07,188,NS,SXX,SXX,2,17.6,2,,FALSE,ONBEWERKT,1-10-2007,
CUIK3-07,190,NS,SXX,SXX,1,56.6,2,,FALSE,ONBEWERKT,1-10-2007,
CUIK3-07,191,AWH,KER,AWH,1,12.6,3,,FALSE,,1-10-2007,
CUIK3-07,192,BW,KER,BOUWMAT,1,186.6,6,,FALSE,,1-10-2007,
CUIK3-07,194,AWG,KER,AWG,2,14.8,4,,FALSE,,1-10-2007,
CUIK3-07,194,BW,KER,BOUWMAT,2,98.6,6,,FALSE,,1-10-2007,
CUIK3-07,194,NS,SXX,SXX,1,19.8,2,,FALSE,ONBEWERKT,1-10-2007,
CUIK3-07,196,AWG,KER,AWG,1,3.2,4,,FALSE,,1-10-2007,
CUIK3-07,197,AWH,KER,AWH,2,52.6,3,,FALSE,,1-10-2007,
CUIK3-07,198,AWH,KER,AW,1,8.6,4,,FALSE,,1-10-2007,
CUIK3-07,199,AWH,KER,AWH,1,6.6,3,,FALSE,,1-10-2007,
CUIK3-07,201,NS,SXX,SXX,2,1273.2,2,,FALSE,ONBEWERKT,1-10-2007,
CUIK3-07,204,AWH,KER,AWH,26,120.2,3,,FALSE,,1-10-2007,
CUIK3-07,205,AWH,KER,AWH,6,19.8,3,,FALSE,,1-10-2007,
CUIK3-07,207,AWH,KER,AWH,32,288.6,3,,FALSE,,1-10-2007,
CUIK3-07,207,BW,KER,BOUWMAT,2,42.6,6,,FALSE,,1-10-2007,
CUIK3-07,207,NS,SXX,SXX,1,4.2,2,,FALSE,ONBEWERKT,1-10-2007,
CUIK3-07,209,AWG,KER,AWG,1,7.4,4,,FALSE,,1-10-2007,
CUIK3-07,209,AWH,KER,AWH,7,35.8,3,,FALSE,,1-10-2007,
CUIK3-07,210,AWH,KER,AWH,1,10.8,3,,FALSE,,1-10-2007,
CUIK3-07,211,AWH,KER,AWH,1,23.6,3,,FALSE,,1-10-2007,
CUIK3-07,212,AWG,KER,AWG,1,1.2,4,,FALSE,,1-10-2007,
CUIK3-07,214,AWH,KER,AWH,2,3.4,3,,FALSE,,1-10-2007,
CUIK3-07,215,AWH,KER,AWH,2,16.6,3,,FALSE,,1-10-2007,
CUIK3-07,216,VST,SXX,SVU,1,29.8,1,,FALSE,vuursteen,1-10-2007,
CUIK3-07,218,AWG,KER,AWG,1,7.8,4,,FALSE,,1-10-2007,
CUIK3-07,218,AWH,KER,AWH,2,11.8,3,,FALSE,,1-10-2007,
CUIK3-07,219,AWG,KER,AWG,4,51.2,4,,FALSE,,1-10-2007,
CUIK3-07,221,AWH,KER,AWH,2,4.8,3,,FALSE,,1-10-2007,
CUIK3-07,222,AWH,KER,AWH,9,37.2,3,,FALSE,,1-10-2007,
CUIK3-07,223,AWH,KER,AWH,11,60.6,3,,FALSE,,1-10-2007,
CUIK3-07,226,AWH,KER,AWH,2,26.6,3,,FALSE,,1-10-2007,
CUIK3-07,229,AWG,KER,AWG,1,3.2,4,,FALSE,,1-10-2007,
CUIK3-07,230,AWH,KER,AWH,2,6.6,3,,FALSE,,1-10-2007,
CUIK3-07,232,MET,MXX,MFE,1,29.8,9,naar conservering,TRUE,,1-10-2007,DROOG
CUIK3-07,234,NS,SXX,SXX,2,15.8,2,,FALSE,ONBEWERKT,1-10-2007,
CUIK3-07,235,AWH,KER,AWH,7,31.6,3,,FALSE,,1-10-2007,
CUIK3-07,235,NS,SXX,SXX,4,50.8,2,,FALSE,ONBEWERKT,1-10-2007,
CUIK3-07,236,AWG,KER,AWG,1,6.6,4,,FALSE,,1-10-2007,
CUIK3-07,237,AWH,KER,AWH,5,57.4,3,,FALSE,,1-10-2007,
CUIK3-07,238,AWH,KER,AWH,1,9.6,3,,FALSE,,1-10-2007,
CUIK3-07,239,AWG,KER,AWG,2,14.6,4,,FALSE,,1-10-2007,
CUIK3-07,240,AWH,KER,AWH,3,13.2,3,,FALSE,,1-10-2007,
CUIK3-07,241,AWG,KER,AWG,1,10.6,4,,FALSE,,1-10-2007,
CUIK3-07,242,AWH,KER,AWH,6,39.4,3,,FALSE,,1-10-2007,
CUIK3-07,243,AWH,KER,AWH,9,28.6,3,,FALSE,,1-10-2007,
CUIK3-07,244,AWH,KER,AWH,8,15.8,3,,FALSE,,1-10-2007,
CUIK3-07,244,BW,KER,BOUWMAT,2,37.4,6,,FALSE,,1-10-2007,
CUIK3-07,245,VST,SXX,SVU,1,79.8,1,,FALSE,vuursteen,1-10-2007,
CUIK3-07,246,AWH,KER,AWH,2,9.8,3,,FALSE,,1-10-2007,
CUIK3-07,247,PIJP,KER,PIJP,1,17.2,1,,FALSE,,1-10-2007,
CUIK3-07,251,AWH,KER,AWH,2,15.8,3,,FALSE,,1-10-2007,
CUIK3-07,252,PIJP,KER,PIJP,1,5.6,1,,FALSE,,1-10-2007,
CUIK3-07,253,AWH,KER,AWH,5,29.6,3,,FALSE,,1-10-2007,
CUIK3-07,254,AWG,KER,AWG,5,76.6,4,,FALSE,,1-10-2007,
CUIK3-07,257,AWG,KER,AWG,3,75.6,4,,FALSE,,1-10-2007,
CUIK3-07,258,AWH,KER,AWH,3,22.6,3,,FALSE,,1-10-2007,
CUIK3-07,258,NS,SXX,SXX,1,1.2,2,,FALSE,ONBEWERKT,1-10-2007,
CUIK3-07,260,AWH,KER,AWH,1,2.2,3,,FALSE,,1-10-2007,
CUIK3-07,260,VST,SXX,SVU,1,0.2,1,,FALSE,vuursteen,1-10-2007,
CUIK3-07,261,AWH,KER,AWH,1,3.2,3,,FALSE,,1-10-2007,
CUIK3-07,262,AWH,KER,AWH,7,33.8,3,,FALSE,,1-10-2007,
CUIK3-07,263,AWH,KER,AWH,3,16.6,3,,FALSE,,1-10-2007,
CUIK3-07,264,AWH,KER,AWH,5,15.8,3,,FALSE,,1-10-2007,
CUIK3-07,265,AWH,KER,AWH,1,4.2,3,,FALSE,,1-10-2007,
CUIK3-07,266,AWG,KER,AWG,3,17.8,4,,FALSE,,1-10-2007,
CUIK3-07,266,NS,SXX,SXX,1,4.6,2,,FALSE,ONBEWERKT,1-10-2007,
CUIK3-07,267,AWH,KER,AWH,2,17.8,3,,FALSE,,1-10-2007,
CUIK3-07,268,AWH,KER,AWH,16,94.6,3,,FALSE,,1-10-2007,
CUIK3-07,268,VST,SXX,SVU,1,3.1,1,,FALSE,vuursteen,1-10-2007,
CUIK3-07,270,AWH,KER,AWH,2,14.8,3,,FALSE,,1-10-2007,
CUIK3-07,271,AWH,KER,AWH,1,3.8,3,,FALSE,,1-10-2007,
CUIK3-07,274,AWH,KER,AWH,5,16.6,3,,FALSE,,1-10-2007,
CUIK3-07,275,AWH,KER,AWH,1,8.8,3,,FALSE,,1-10-2007,
CUIK3-07,276,AWH,KER,AWH,3,37.4,3,,FALSE,,1-10-2007,
CUIK3-07,277,VST,SXX,SVU,1,5.6,1,,FALSE,vuursteen,1-10-2007,
CUIK3-07,278,AWH,KER,AWH,5,11.5,3,,FALSE,,1-10-2007,
CUIK3-07,278,BW,KER,BOUWMAT,1,74.7,6,,FALSE,,1-10-2007,
CUIK3-07,278,NS,SXX,SXX,1,29.6,2,,FALSE,ONBEWERKT,1-10-2007,
CUIK3-07,279,BW,KER,BOUWMAT,1,33.4,6,,FALSE,,1-10-2007,
CUIK3-07,280,AWH,KER,AWH,3,8.4,3,,FALSE,,1-10-2007,
CUIK3-07,282,AWH,KER,AWH,2,3.8,3,,FALSE,,1-10-2007,
CUIK3-07,283,AWH,KER,AWH,2,18.4,3,,FALSE,,1-10-2007,
CUIK3-07,285,AWG,KER,AWG,1,17.6,4,,FALSE,,1-10-2007,
CUIK3-07,286,AWH,KER,AWH,2,11.8,3,,FALSE,,1-10-2007,
CUIK3-07,287,AWH,KER,AWH,3,12.8,3,,FALSE,,1-10-2007,
CUIK3-07,287,BW,KER,BOUWMAT,1,29.6,6,,FALSE,,1-10-2007,
CUIK3-07,288,MET,MXX,MXX,3,54.8,,afgestoten,FALSE,,1-10-2007,
CUIK3-07,289,AWH,KER,AWH,1,3.6,3,,FALSE,,1-10-2007,
CUIK3-07,291,AWH,KER,AWH,1,33.4,3,,FALSE,,1-10-2007,
CUIK3-07,292,BW,KER,BOUWMAT,1,12.6,6,,FALSE,,1-10-2007,
CUIK3-07,294,AWH,KER,AWH,1,1.6,3,,FALSE,,1-10-2007,
CUIK3-07,299,AWG,KER,AWG,3,48.6,4,,FALSE,,1-10-2007,
CUIK3-07,300,AWH,KER,AWH,7,43.8,3,,FALSE,,1-10-2007,
CUIK3-07,302,AWH,KER,AWH,2,6.4,3,,FALSE,,1-10-2007,
CUIK3-07,303,AWH,KER,AWH,2,9.4,3,,FALSE,,1-10-2007,
CUIK3-07,304,AWH,KER,AWH,23,148.4,3,,FALSE,,1-10-2007,
CUIK3-07,305,AWH,KER,AWH,9,52.2,3,,FALSE,,1-10-2007,
CUIK3-07,306,AWH,KER,AWH,3,46.5,3,,FALSE,,1-10-2007,
CUIK3-07,307,AWH,KER,AWH,2,9.4,3,,FALSE,,1-10-2007,
CUIK3-07,310,AWG,KER,AWG,20,597.8,4,,FALSE,,1-10-2007,
CUIK3-07,310,BW,KER,BOUWMAT,2,148.8,6,,FALSE,,1-10-2007,
CUIK3-07,312,AWG,KER,AWG,1,6.8,4,,FALSE,,1-10-2007,
CUIK3-07,312,PIJP,KER,PIJP,1,3.2,1,,FALSE,,1-10-2007,
CUIK3-07,313,BT,OXX,OXB,21,181.2,1,,FALSE,,1-10-2007,
CUIK3-07,313,BW,KER,BOUWMAT,1,8.6,6,,FALSE,,1-10-2007,
CUIK3-07,314,PIJP,KER,PIJP,12,4.4,1,,FALSE,,1-10-2007,
CUIK3-07,315,BW,KER,BOUWMAT,1,105.7,6,,FALSE,,1-10-2007,
CUIK3-07,316,AWH,KER,AWH,2,11.7,3,,FALSE,,1-10-2007,
CUIK3-07,316,BT,OXX,OXB,11,21.4,1,,FALSE,,1-10-2007,
CUIK3-07,316,NS,SXX,SXX,6,47.7,2,,FALSE,ONBEWERKT,1-10-2007,
CUIK3-07,317,AWH,KER,AWH,14,41.36,3,,FALSE,,1-10-2007,
CUIK3-07,319,AWG,KER,AWG,2,54.6,4,,FALSE,,1-10-2007,
CUIK3-07,320,AWG,KER,AWG,1,7.2,4,,FALSE,,1-10-2007,
CUIK3-07,321,AWG,KER,AWG,1,3.9,4,,FALSE,,1-10-2007,
CUIK3-07,322,AWH,KER,AWH,2,25.4,3,,FALSE,,1-10-2007,
CUIK3-07,323,BW,KER,BOUWMAT,1,28.7,6,,FALSE,,1-10-2007,
CUIK3-07,323,NS,SXX,SXX,1,27.3,2,,FALSE,ONBEWERKT,1-10-2007,
CUIK3-07,402,AWG,KER,AWG,1,2.2,4,,FALSE,,1-10-2007,
CUIK3-07,403,AWH,KER,AWH,1,5.2,3,,FALSE,,1-10-2007,
CUIK3-07,403,VST,SXX,SVU,1,5.1,1,,FALSE,vuursteen,1-10-2007,
CUIK3-07,404,AWH,KER,AWH,6,15.6,3,,FALSE,,1-10-2007,
CUIK3-07,405,AWH,KER,AWH,5,35.2,3,,FALSE,,1-10-2007,
CUIK3-07,406,AWH,KER,AWH,3,9.4,3,,FALSE,,1-10-2007,
CUIK3-07,407,AWH,KER,AWH,1,2.4,3,,FALSE,,1-10-2007,
CUIK3-07,408,AWH,KER,AWH,2,23.6,3,,FALSE,,1-10-2007,
CUIK3-07,410,AWH,KER,AWH,18,102.6,3,,FALSE,,1-10-2007,
CUIK3-07,410,VST,SXX,SVU,1,1.2,1,,FALSE,vuursteen,1-10-2007,
CUIK3-07,411,MET,MXX,MXX,1,4.8,,afgestoten,FALSE,,1-10-2007,
CUIK3-07,412,AWH,KER,AWH,23,60.4,3,,FALSE,,1-10-2007,
CUIK3-07,412,NS,SXX,SXX,3,9.6,2,,FALSE,ONBEWERKT,1-10-2007,
CUIK3-07,412,VST,SXX,SVU,2,2.8,1,,FALSE,vuursteen,1-10-2007,
CUIK3-07,414,AWH,KER,AWH,7,46.6,3,,FALSE,,1-10-2007,
CUIK3-07,416,AWH,KER,AWH,1,2.4,3,,FALSE,,1-10-2007,
CUIK3-07,417,AWH,KER,AWH,2,20.2,3,,FALSE,,1-10-2007,
CUIK3-07,418,AWH,KER,AWH,2,12.4,3,,FALSE,,1-10-2007,
CUIK3-07,419,AWH,KER,AWH,1,9.4,3,,FALSE,,1-10-2007,
CUIK3-07,420,AWH,KER,AWH,1,5.6,3,,FALSE,,1-10-2007,
CUIK3-07,421,AWG,KER,AWG,1,3.2,4,,FALSE,,1-10-2007,
CUIK3-07,421,AWH,KER,AWH,2,22.8,4,,FALSE,,1-10-2007,
CUIK3-07,422,AWH,KER,AWH,12,51.4,3,,FALSE,,1-10-2007,
CUIK3-07,424,AWH,KER,AWH,6,14.4,3,,FALSE,,1-10-2007,
CUIK3-07,425,AWH,KER,AWH,1,7.4,3,,FALSE,,1-10-2007,
CUIK3-07,426,AWH,KER,AWH,5,20.8,3,,FALSE,,1-10-2007,
CUIK3-07,426,VST,SXX,SVU,1,8.3,1,,FALSE,vuursteen,1-10-2007,
CUIK3-07,427,AWG,KER,AWG,1,13.2,4,,FALSE,,1-10-2007,
CUIK3-07,427,AWH,KER,AWH,8,52.5,3,,FALSE,,1-10-2007,
CUIK3-07,428,AWH,KER,AWH,5,16.4,3,,FALSE,,1-10-2007,
CUIK3-07,429,BW,KER,BOUWMAT,1,16.4,6,,FALSE,,1-10-2007,
CUIK3-07,430,AWH,KER,AWH,2,29.3,3,,FALSE,,1-10-2007,
CUIK3-07,432,AWH,KER,AWH,9,21.2,3,,FALSE,,1-10-2007,
CUIK3-07,433,AWG,KER,AWG,1,4.8,4,,FALSE,,1-10-2007,
CUIK3-07,433,AWH,KER,AWH,2,25.2,4,,FALSE,,1-10-2007,
CUIK3-07,436,AWH,KER,AWH,1,6.4,3,,FALSE,,1-10-2007,
CUIK3-07,439,AWH,KER,AWH,10,110.6,3,,FALSE,,1-10-2007,
CUIK3-07,439,VST,SXX,SVU,1,67.2,1,,FALSE,vuursteen,1-10-2007,
CUIK3-07,441,AWH,KER,AWH,1,18.4,3,,FALSE,,1-10-2007,
CUIK3-07,443,AWH,KER,AWH,5,130.2,3,,FALSE,,1-10-2007,
CUIK3-07,445,AWH,KER,AWH,23,167.2,3,,FALSE,,1-10-2007,
CUIK3-07,445,NS,SXX,SXX,1,9.2,2,,FALSE,ONBEWERKT,1-10-2007,
CUIK3-07,447,AWH,KER,AWH,1,5.8,3,,FALSE,,1-10-2007,
CUIK3-07,454,AWH,KER,AWH,1,9.4,3,,FALSE,,1-10-2007,
CUIK3-07,457,NS,SXX,SXX,1,66.4,2,,FALSE,ONBEWERKT,1-10-2007,
CUIK3-07,457,VST,SXX,SVU,1,38.4,1,,FALSE,vuursteen,1-10-2007,
CUIK3-07,458,BW,KER,BOUWMAT,1,1017.2,6,,FALSE,,1-10-2007,
CUIK3-07,459,NS,SXX,SXX,2,17.8,2,,FALSE,ONBEWERKT,1-10-2007,
CUIK3-07,460,AWH,KER,AWH,1,6.9,3,,FALSE,,1-10-2007,
CUIK3-07,460,BW,KER,BOUWMAT,1,8.4,6,,FALSE,,1-10-2007,
CUIK3-07,460,NS,SXX,SXX,1,3.7,2,,FALSE,ONBEWERKT,1-10-2007,
CUIK3-07,461,AWH,KER,AWH,14,55.4,3,,FALSE,,1-10-2007,
CUIK3-07,461,VST,SXX,SVU,2,15.4,1,,FALSE,vuursteen,1-10-2007,
CUIK3-07,462,AWH,KER,AWH,2,5.4,3,,FALSE,,1-10-2007,
CUIK3-07,462,NS,SXX,SXX,1,57.2,2,,FALSE,ARTEFACT,1-10-2007,
CUIK3-07,463,AWH,KER,AWH,4,24.8,3,,FALSE,,1-10-2007,
CUIK3-07,464,AWH,KER,AWH,4,37.8,3,,FALSE,,1-10-2007,
CUIK3-07,465,AWH,KER,AWH,3,12.6,3,,FALSE,,1-10-2007,
CUIK3-07,466,AWH,KER,AWH,1,3.2,3,,FALSE,,1-10-2007,
CUIK3-07,467,AWH,KER,AWH,1,0.8,3,,FALSE,,1-10-2007,
CUIK3-07,468,NS,SXX,SXX,1,10.5,2,,FALSE,ONBEWERKT,1-10-2007,
CUIK3-07,469,AWH,KER,AWH,1,10.6,3,,FALSE,,1-10-2007,
CUIK3-07,470,AWH,KER,AWH,2,4.4,3,,FALSE,,1-10-2007,
CUIK3-07,471,AWG,KER,AWG,1,21.8,4,,FALSE,,1-10-2007,
CUIK3-07,472,VST,SXX,SVU,1,2.6,1,,FALSE,vuursteen,1-10-2007,
CUIK3-07,474,AWH,KER,AWH,2,8.2,3,,FALSE,,1-10-2007,
CUIK3-07,475,AWH,KER,AWH,1,1.2,3,,FALSE,,1-10-2007,
CUIK3-07,476,AWH,KER,AWH,4,115.4,3,,FALSE,,1-10-2007,
CUIK3-07,478,AWH,KER,AWH,4,18.9,3,,FALSE,,1-10-2007,
CUIK3-07,480,AWH,KER,AWH,5,11.2,3,,FALSE,,1-10-2007,
CUIK3-07,480,NS,SXX,SXX,1,6.6,2,,FALSE,ONBEWERKT,1-10-2007,
CUIK3-07,480,VST,SXX,SVU,2,0.2,1,,FALSE,vuursteen,1-10-2007,
CUIK3-07,481,AWH,KER,AWH,22,90.3,3,,FALSE,,1-10-2007,
CUIK3-07,481,NS,SXX,SXX,1,38.8,2,,FALSE,ONBEWERKT,1-10-2007,
CUIK3-07,482,NS,SXX,SXX,3,5.2,2,,FALSE,ONBEWERKT,1-10-2007,
CUIK3-07,483,AWH,KER,AWH,3,29.2,3,,FALSE,,1-10-2007,
CUIK3-07,485,AWG,KER,AWG,2,9.8,4,,FALSE,,1-10-2007,
CUIK3-07,485,BW,KER,BOUWMAT,1,18.2,6,,FALSE,,1-10-2007,
CUIK3-07,485,MET,MXX,MXX,1,18.2,,afgestoten,FALSE,,1-10-2007,
CUIK3-07,485,NS,SXX,SXX,1,15.2,2,,FALSE,ONBEWERKT,1-10-2007,
CUIK3-07,486,AWH,KER,AWH,1,3.6,3,,FALSE,,1-10-2007,
CUIK3-07,489,AWH,KER,AWH,1,4.7,3,,FALSE,,1-10-2007,
CUIK3-07,490,AWH,KER,AWH,4,60.2,8,,FALSE,,1-10-2007,
CUIK3-07,491,AWH,KER,AWH,2,2.6,3,,FALSE,,1-10-2007,
CUIK3-07,492,AWH,KER,AWH,2,33.2,3,,FALSE,,1-10-2007,
CUIK3-07,494,NS,SXX,SXX,1,81.2,2,,FALSE,ONBEWERKT,1-10-2007,
CUIK3-07,496,AWH,KER,AWH,2,15.2,3,,FALSE,,1-10-2007,
CUIK3-07,498,AWH,KER,AWH,2,2.8,3,,FALSE,,1-10-2007,
CUIK3-07,499,AWH,KER,AWH,1,8.8,3,,FALSE,,1-10-2007,
CUIK3-07,500,AWH,KER,AWH,3,19.2,3,,FALSE,,1-10-2007,
CUIK3-07,636,AWH,KER,AWH,19,95.3,3,,FALSE,,1-10-2007,
CUIK3-07,636,NS,SXX,SXX,1,90.4,2,,FALSE,ONBEWERKT,1-10-2007,
CUIK3-07,638,AWH,KER,AWH,2,4.4,3,,FALSE,,1-10-2007,
CUIK3-07,639,AWG,KER,AWG,3,7.2,4,,FALSE,,1-10-2007,
CUIK3-07,639,AWH,KER,AWH,1,4.4,3,,FALSE,,1-10-2007,
CUIK3-07,640,AWH,KER,AWH,2,4.8,3,,FALSE,,1-10-2007,
CUIK3-07,641,AWH,KER,AWH,1,3.6,3,,FALSE,,1-10-2007,
CUIK3-07,642,AWH,KER,AWH,1,2.4,3,,FALSE,,1-10-2007,
CUIK3-07,643,AWH,KER,AWH,23,188.4,3,,FALSE,,1-10-2007,
CUIK3-07,643,NS,SXX,SXX,1,27.8,2,,FALSE,ONBEWERKT,1-10-2007,
CUIK3-07,643,VST,SXX,SVU,1,13.6,1,,FALSE,vuursteen,1-10-2007,
CUIK3-07,644,AWH,KER,AWH,19,110.4,4,,FALSE,,1-10-2007,
CUIK3-07,645,AWG,KER,AWG,12,271.6,4,,FALSE,,1-10-2007,
CUIK3-07,645,VST,SXX,SVU,1,147.4,1,,FALSE,vuursteen,1-10-2007,
CUIK3-07,647,AWG,KER,AWG,1,62.2,4,,FALSE,,1-10-2007,
CUIK3-07,651,AWH,KER,AWH,4,12.2,3,,FALSE,,1-10-2007,
CUIK3-07,651,NS,SXX,SXX,1,17.6,2,,FALSE,ONBEWERKT,1-10-2007,
CUIK3-07,652,AWH,KER,AWH,1,23.2,3,,FALSE,,1-10-2007,
CUIK3-07,654,AWH,KER,AWH,1,4.6,3,,FALSE,,1-10-2007,
CUIK3-07,655,AWH,KER,AWH,1,1.6,3,,FALSE,,1-10-2007,
CUIK3-07,656,AWH,KER,AWH,5,46.4,3,,FALSE,,1-10-2007,
CUIK3-07,657,AWH,KER,AWH,1,11.6,3,,FALSE,,1-10-2007,
CUIK3-07,658,AWH,KER,AWH,2,14.2,3,,FALSE,,1-10-2007,
CUIK3-07,659,AWG,KER,AWG,2,29.4,4,,FALSE,,1-10-2007,
CUIK3-07,660,AWG,KER,AWG,1,16.2,4,,FALSE,,1-10-2007,
CUIK3-07,661,AWH,KER,AWH,3,16.8,3,,FALSE,,1-10-2007,
CUIK3-07,662,VST,SXX,SVU,1,5.6,1,,FALSE,vuursteen,1-10-2007,
CUIK3-07,663,AWH,KER,AWH,2,6.4,3,,FALSE,,1-10-2007,
CUIK3-07,663,NS,SXX,SXX,1,18.2,2,,FALSE,ONBEWERKT,1-10-2007,
CUIK3-07,664,AWH,KER,AWH,1,10.8,3,,FALSE,,1-10-2007,
CUIK3-07,665,AWH,KER,AWH,5,19.8,3,,FALSE,,1-10-2007,
CUIK3-07,665,NS,SXX,SXX,1,1052.6,2,,FALSE,ONBEWERKT,1-10-2007,
CUIK3-07,666,AWG,KER,AWG,1,0.8,4,,FALSE,,1-10-2007,
CUIK3-07,666,AWH,KER,AWH,4,19.2,3,,FALSE,,1-10-2007,
CUIK3-07,668,AWH,KER,AWH,3,31.4,3,,FALSE,,1-10-2007,
CUIK3-07,668,NS,SXX,SXX,2,14.5,2,,FALSE,ONBEWERKT,1-10-2007,
CUIK3-07,669,AWH,KER,AWH,3,17.6,3,,FALSE,,1-10-2007,
CUIK3-07,669,VST,SXX,SVU,1,0.8,1,,FALSE,vuursteen,1-10-2007,
CUIK3-07,670,NS,SXX,SXX,5,112.4,2,,FALSE,ONBEWERKT,1-10-2007,
CUIK3-07,672,AWH,KER,AWH,2,11.4,3,,FALSE,,1-10-2007,
CUIK3-07,673,NS,SXX,SXX,3,88.7,2,,FALSE,ONBEWERKT,1-10-2007,
CUIK3-07,674,AWH,KER,AWH,1,10.2,3,,FALSE,,1-10-2007,
CUIK3-07,675,AWH,KER,AWH,11,54.4,3,,FALSE,,1-10-2007,
CUIK3-07,675,NS,SXX,SXX,2,57.2,2,,FALSE,ONBEWERKT,1-10-2007,
CUIK3-07,675,VST,SXX,SVU,1,278.4,1,,FALSE,vuursteen,1-10-2007,
CUIK3-07,676,AWH,KER,AWH,1,4.8,3,,FALSE,,1-10-2007,
CUIK3-07,677,AWH,KER,AWH,4,15.8,3,,FALSE,,1-10-2007,
CUIK3-07,678,MET,MXX,MXX,2,8.8,,afgestoten,FALSE,,1-10-2007,
CUIK3-07,680,AWH,KER,AWH,15,38.4,3,,FALSE,,1-10-2007,
CUIK3-07,680,SLK,MXX,SLAK,1,5.41,1,,FALSE,,1-10-2007,
CUIK3-07,681,AWH,KER,AWH,1,52.6,3,,FALSE,,1-10-2007,
CUIK3-07,682,AWH,KER,AWH,1,5.4,3,,FALSE,,1-10-2007,
CUIK3-07,683,AWH,KER,AWH,9,12.7,3,,FALSE,,1-10-2007,
CUIK3-07,684,NS,SXX,SXX,1,47.8,2,,FALSE,ARTEFACT,1-10-2007,
CUIK3-07,685,AWG,KER,AWG,2,11.4,4,,FALSE,,1-10-2007,
CUIK3-07,686,AWH,KER,AWH,8,41.2,3,,FALSE,,1-10-2007,
CUIK3-07,687,MET,MXX,MXX,1,119.6,,afgestoten,FALSE,,1-10-2007,
CUIK3-07,687,NS,SXX,SXX,1,14.8,2,,FALSE,ONBEWERKT,1-10-2007,
CUIK3-07,689,NS,SXX,SXX,1,5.1,2,,FALSE,ONBEWERKT,1-10-2007,
CUIK3-07,690,AWH,KER,AWH,1,3.4,3,,FALSE,,1-10-2007,
CUIK3-07,691,AWH,KER,AWH,1,5.6,3,,FALSE,,1-10-2007,
CUIK3-07,692,AWH,KER,AWH,1,5.2,3,,FALSE,,1-10-2007,
CUIK3-07,693,AWH,KER,AWH,2,7.4,3,,FALSE,,1-10-2007,
CUIK3-07,695,AWH,KER,AWH,2,9.8,3,,FALSE,,1-10-2007,
CUIK3-07,696,NS,SXX,SXX,1,5.2,2,,FALSE,ONBEWERKT,1-10-2007,
CUIK3-07,697,AWH,KER,AWH,1,5.8,3,,FALSE,,1-10-2007,
CUIK3-07,698,AWH,KER,AWH,2,14.8,3,,FALSE,,1-10-2007,
CUIK3-07,699,AWH,KER,AWH,1,9.2,3,,FALSE,,1-10-2007,
CUIK3-07,700,AWH,KER,AWH,3,12.8,3,,FALSE,,1-10-2007,
CUIK3-07,701,AWH,KER,AWH,1,5.2,3,,FALSE,,1-10-2007,
CUIK3-07,704,AWH,KER,AWH,2,8.8,3,,FALSE,,1-10-2007,
CUIK3-07,705,AWH,KER,AWH,3,37.2,3,,FALSE,,1-10-2007,
CUIK3-07,706,AWH,KER,AWH,1,4.2,3,,FALSE,,1-10-2007,
CUIK3-07,707,AWH,KER,AWH,1,1.2,3,,FALSE,,1-10-2007,
CUIK3-07,708,AWH,KER,AWH,1,1.6,3,,FALSE,,1-10-2007,
CUIK3-07,712,AWH,KER,AWH,2,4.6,3,,FALSE,,1-10-2007,
CUIk3-07,712,BW,KER,BOUWMAT,19,516.2,6,,FALSE,,1-10-2007,
CUIK3-07,713,BW,KER,BOUWMAT,2,77.6,6,,FALSE,,1-10-2007,
CUIK3-07,714,AWH,KER,AWH,3,12.6,3,,FALSE,,1-10-2007,
CUIK3-07,715,AWH,KER,AWH,28,167.3,3,,FALSE,,1-10-2007,
CUIK3-07,715,NS,SXX,SXX,1,27.2,2,,FALSE,ONBEWERKT,1-10-2007,
CUIK3-07,718,AWH,KER,AWH,1,4.8,3,,FALSE,,1-10-2007,
CUIK3-07,718,SLK,MXX,SLAK,4,33.8,1,,FALSE,,1-10-2007,
CUIK3-07,721,AWH,KER,AWH,34,170.6,3,,FALSE,,1-10-2007,
CUIK3-07,722,AWH,KER,AWH,18,97.8,3,,FALSE,,1-10-2007,
CUIK3-07,725,AWH,KER,AWH,3,20.6,3,,FALSE,,1-10-2007,
CUIK3-07,730,AWH,KER,AWH,2,13.8,3,,FALSE,,1-10-2007,
CUIK3-07,732,AWH,KER,AWH,2,13.2,3,,FALSE,,1-10-2007,
CUIK3-07,733,NS,SXX,SXX,9,14.6,1,,FALSE,ONBEWERKT,1-10-2007,
CUIK3-07,735,AWH,KER,AWH,1,3.2,3,,FALSE,,1-10-2007,
CUIK3-07,736,AWH,KER,AWH,1,5.8,3,,FALSE,,1-10-2007,
CUIK3-07,737,AWH,KER,AWH,2,27.8,3,,FALSE,,1-10-2007,
CUIK3-07,738,NS,SXX,SXX,1,28.4,2,,FALSE,ONBEWERKT,1-10-2007,
CUIK3-07,739,VST,SXX,SVU,1,0.6,1,,FALSE,vuursteen,1-10-2007,
CUIK3-07,740,AWG,KER,AWG,1,18.2,4,,FALSE,,1-10-2007,
CUIK3-07,741,AWG,KER,AWG,1,20.8,4,,FALSE,,1-10-2007,
CUIK3-07,742,AWG,KER,AWG,2,4.8,4,,FALSE,,1-10-2007,
CUIK3-07,742,AWH,KER,AWH,35,165.6,8,,FALSE,,1-10-2007,
CUIK3-07,742,BW,KER,BOUWMAT,1,3.2,6,,FALSE,,1-10-2007,
CUIK3-07,742,NS,SXX,SXX,3,64.6,2,,FALSE,ONBEWERKT,1-10-2007,
CUIK3-07,742,VST,SXX,SVU,1,1.4,1,,FALSE,vuursteen,1-10-2007,
CUIK3-07,743,AWH,KER,AWH,2,74.4,3,,FALSE,,1-10-2007,
CUIK3-07,744,AWH,KER,AWH,3,2.4,3,,FALSE,,1-10-2007,
CUIK3-07,744,NS,SXX,SXX,4,17.4,2,,FALSE,ONBEWERKT,1-10-2007,
CUIK3-07,746,AWH,KER,AWH,35,114.6,3,,FALSE,,1-10-2007,
CUIK3-07,746,NS,SXX,SXX,1,25.8,2,,FALSE,ONBEWERKT,1-10-2007,
CUIK3-07,747,AWH,KER,AWH,38,201.5,3,,FALSE,,1-10-2007,
CUIK3-07,747,VST,SXX,SVU,2,8.5,1,,FALSE,vuursteen,1-10-2007,
CUIK3-07,748,AWH,KER,AWH,31,151.2,3,,FALSE,,1-10-2007,
CUIK3-07,748,NS,SXX,SXX,2,46.8,2,,FALSE,ONBEWERKT,1-10-2007,
CUIK3-07,748,VST,SXX,SVU,1,42.8,1,,FALSE,vuursteen,1-10-2007,
CUIK3-07,749,AWH,KER,AWH,13,117.2,3,,FALSE,,1-10-2007,
CUIK3-07,749,NS,SXX,SXX,22,76.1,2,,FALSE,ONBEWERKT,1-10-2007,
CUIK3-07,750,AWH,KER,AWH,4,28.8,3,,FALSE,,1-10-2007,
CUIK3-07,750,NS,SXX,SXX,2,109.2,2,,FALSE,ONBEWERKT,1-10-2007,
CUIK3-07,751,NS,SXX,SXX,4,96.2,2,,FALSE,ONBEWERKT,1-10-2007,
CUIK3-07,751,VST,SXX,SVU,1,148.8,1,,FALSE,vuursteen,1-10-2007,
CUIK3-07,752,AWH,KER,AWH,16,176.8,3,,FALSE,,1-10-2007,
CUIK3-07,752,NS,SXX,SXX,3,152.2,2,,FALSE,ONBEWERKT,1-10-2007,
CUIK3-07,754,AWH,KER,AWH,1,2.4,3,,FALSE,,1-10-2007,
CUIK3-07,755,AWG,KER,AWG,3,74.6,4,,FALSE,,1-10-2007,
CUIK3-07,756,AWH,KER,AWH,4,27.4,3,,FALSE,,1-10-2007,
CUIK3-07,759,AWH,KER,AWH,8,30.6,3,,FALSE,,1-10-2007,
CUIK3-07,759,BW,KER,BOUWMAT,3,1294.9,6,,FALSE,,1-10-2007,
CUIK3-07,760,AWH,KER,AWH,5,12.6,3,,FALSE,,1-10-2007,
CUIK3-07,760,NS,SXX,SXX,2,27.8,2,,FALSE,ONBEWERKT,1-10-2007,
CUIK3-07,761,AWH,KER,AWH,4,7.4,3,,FALSE,,1-10-2007,
CUIK3-07,761,NS,SXX,SXX,1,1.4,2,,FALSE,ONBEWERKT,1-10-2007,
CUIK3-07,762,NS,SXX,SXX,1,4.2,2,,FALSE,ONBEWERKT,1-10-2007,
CUIK3-07,763,NS,SXX,SXX,1,1.2,2,,FALSE,ONBEWERKT,1-10-2007,
CUIK3-07,764,VST,SXX,SVU,1,2.6,1,,FALSE,vuursteen,1-10-2007,
CUIK3-07,765,GLS,GLS,GLS,1,0.5,1,,FALSE,,1-10-2007,
CUIK3-07,766,AWH,KER,AWH,2,6.2,3,,FALSE,,1-10-2007,
CUIK3-07,767,AWG,KER,AWG,2,23.2,4,,FALSE,,1-10-2007,
CUIK3-07,767,MET,MXX,MXX,1,83.7,,afgestoten,FALSE,,1-10-2007,
CUIK3-07,767,PIJP,KER,PIJP,1,6.4,1,,FALSE,,1-10-2007,
CUIK3-07,769,AWH,KER,AWH,3,8.4,3,,FALSE,,1-10-2007,
CUIK3-07,770,AWH,KER,AWH,33,142.4,8,,FALSE,,1-10-2007,
CUIK3-07,772,AWG,KER,AWG,4,107.8,4,,FALSE,,1-10-2007,
CUIK3-07,772,AWH,KER,AWH,4,30.6,3,,FALSE,,1-10-2007,
CUIK3-07,773,AWH,KER,AWH,1,6.2,3,,FALSE,,1-10-2007,
CUIK3-07,170,NS,SXX,SXX,3,50.1,7,,FALSE,ONBEWERKT,10-10-2007,
CUIK3-07,452,AWH,KER,AWH,2,24.4,5,,FALSE,,10-10-2007,
CUIK3-07,774,AWH,KER,AWH,1,4.2,5,,FALSE,,10-10-2007,
CUIK3-07,788,AWG,KER,AWG,2,36.7,4,,FALSE,,10-10-2007,
CUIK3-07,796,AWH,KER,AWH,1,10.6,5,,FALSE,,10-10-2007,
CUIK3-07,798,AWH,KER,AWH,1,13.4,5,,FALSE,,10-10-2007,
CUIK3-07,798,HK,OXX,oph,1,0.1,1,,FALSE,,10-10-2007,
CUIK3-07,799,AWH,KER,AWH,1,25.2,5,,FALSE,,10-10-2007,
CUIK3-07,817,AWH,KER,AWH,1,6.8,5,,FALSE,,10-10-2007,
CUIK3-07,900,AWG,KER,AWG,2,18.6,4,,FALSE,,10-10-2007,
CUIK3-07,900,MET,MXX,MXX,2,24.8,,afgestoten,FALSE,,10-10-2007,
CUIK3-07,900,NS,SXX,SXX,1,515.2,7,,FALSE,ONBEWERKT,10-10-2007,
CUIK3-07,901,AWG,KER,AWG,2,26.9,4,,FALSE,,10-10-2007,
CUIK3-07,901,BW,KER,BOUWMAT,6,73.4,6,,FALSE,,10-10-2007,
CUIK3-07,901,MET,MXX,MXX,1,22.7,,afgestoten,FALSE,,10-10-2007,
CUIK3-07,902,BW,KER,BOUWMAT,1,174.8,6,,FALSE,,10-10-2007,
CUIK3-07,902,MET,MXX,MFE,4,217.4,9,naar conservering,TRUE,,10-10-2007,DROOG
CUIK3-07,903,BW,KER,BOUWMAT,1,188.4,6,,FALSE,,10-10-2007,
CUIK3-07,904,AWH,KER,AWH,4,0.2,5,,FALSE,,10-10-2007,
CUIK3-07,905,AWG,KER,AWG,1,16.2,4,,FALSE,,10-10-2007,
CUIK3-07,906,BW,KER,BOUWMAT,1,1156.2,6,,FALSE,,10-10-2007,
CUIK3-07,907,AWH,KER,AWH,9,37.6,5,,FALSE,,10-10-2007,
CUIK3-07,907,BW,KER,BOUWMAT,7,51.2,6,,FALSE,,10-10-2007,
CUIK3-07,907,MET,MXX,MXX,1,10.8,,afgestoten,FALSE,,10-10-2007,
CUIK3-07,908,AWG,KER,AWG,2,6.4,4,,FALSE,,10-10-2007,
CUIK3-07,908,BW,KER,BOUWMAT,1,40.6,6,,FALSE,,10-10-2007,
CUIK3-07,908,MET,MXX,MXX,1,3.8,,afgestoten,FALSE,,10-10-2007,
CUIK3-07,909,AWG,KER,AWG,1,71.8,4,,FALSE,,10-10-2007,
CUIK3-07,910,AWG,KER,AWG,4,35.2,4,,FALSE,,10-10-2007,
CUIK3-07,911,VST,SXX,SVU,1,2.6,1,,FALSE,vuursteen,10-10-2007,
CUIK3-07,914,AWH,KER,AWH,1,13.4,5,,FALSE,,10-10-2007,
CUIK3-07,915,AWH,KER,AWH,2,8.8,5,,FALSE,,10-10-2007,
CUIK3-07,916,AWG,KER,AWG,1,9.2,4,,FALSE,,10-10-2007,
CUIK3-07,916,AWH,KER,AWH,1,10.5,5,,FALSE,,10-10-2007,
CUIK3-07,917,NS,SXX,SXX,2,10.4,7,,FALSE,ONBEWERKT,10-10-2007,
CUIK3-07,918,AWH,KER,AWH,2,15.8,5,,FALSE,,10-10-2007,
CUIK3-07,918,NS,SXX,SXX,1,30.8,7,,FALSE,ONBEWERKT,10-10-2007,
CUIK3-07,920,AWH,KER,AWH,2,27.3,5,,FALSE,,10-10-2007,
CUIK3-07,921,AWH,KER,AWH,6,35.6,5,,FALSE,,10-10-2007,
CUIK3-07,923,AWH,KER,AWH,1,8.8,5,,FALSE,,10-10-2007,
CUIK3-07,924,AWH,KER,AWH,1,18.2,5,,FALSE,,10-10-2007,
CUIK3-07,925,AWH,KER,AWH,1,13.2,5,,FALSE,,10-10-2007,
CUIK3-07,926,AWH,KER,AWH,1,1.6,5,,FALSE,,10-10-2007,
CUIK3-07,926,VST,SXX,SVU,1,1.6,1,,FALSE,vuursteen,10-10-2007,
CUIK3-07,928,AWG,KER,AWG,1,5.4,4,,FALSE,,10-10-2007,
CUIK3-07,930,AWH,KER,AWH,1,15.8,5,,FALSE,,10-10-2007,
CUIK3-07,931,VST,SXX,SVU,1,0.6,1,,FALSE,vuursteen,10-10-2007,
CUIK3-07,932,AWH,KER,AWH,1,0.1,5,,FALSE,,10-10-2007,
CUIK3-07,933,AWG,KER,AWG,2,22.7,4,,FALSE,,10-10-2007,
CUIK3-07,934,AWG,KER,AWG,2,13.9,4,,FALSE,,10-10-2007,
CUIK3-07,934,BW,KER,BOUWMAT,2,193.6,6,,FALSE,,10-10-2007,
CUIK3-07,935,AWH,KER,AWH,1,8.4,5,,FALSE,,10-10-2007,
CUIK3-07,935,VKL,KER,HUTTELM,2,26.3,1,,FALSE,,10-10-2007,
CUIK3-07,936,AWH,KER,AWH,1,7.4,5,,FALSE,,10-10-2007,
CUIK3-07,936,VKL,KER,HUTTELM,1,22.1,1,,FALSE,,10-10-2007,
CUIK3-07,937,AWH,KER,AWH,1,10.9,5,,FALSE,,10-10-2007,
CUIK3-07,937,NS,SXX,SXX,1,52.4,7,,FALSE,ONBEWERKT,10-10-2007,
CUIK3-07,938,NS,SXX,SXX,1,239.7,7,,FALSE,ARTEFACT,10-10-2007,
CUIK3-07,939,AWG,KER,AWG,1,159.3,4,,FALSE,,10-10-2007,
CUIK3-07,940,AWG,KER,AWG,1,91.5,4,,FALSE,,10-10-2007,
CUIK3-07,941,NS,SXX,SXX,1,3.4,7,,FALSE,ONBEWERKT,10-10-2007,
CUIK3-07,942,AWH,KER,AWH,3,11.3,5,,FALSE,,10-10-2007,
CUIK3-07,944,AWH,KER,AWH,2,2.4,5,,FALSE,,10-10-2007,
CUIK3-07,945,AWH,KER,AWH,1,5.4,5,,FALSE,,10-10-2007,
CUIK3-07,948,AWH,KER,AWH,1,2.6,5,,FALSE,,10-10-2007,
CUIK3-07,949,AWG,KER,AWG,1,3.1,4,,FALSE,,10-10-2007,
CUIK3-07,949,NS,SXX,SXX,1,16.8,7,,FALSE,ONBEWERKT,10-10-2007,
CUIK3-07,949,VKL,KER,HUTTELM,6,3.5,1,,FALSE,,10-10-2007,
CUIK3-07,950,AWH,KER,AWH,10,124.4,5,,FALSE,,10-10-2007,
CUIK3-07,951,AWH,KER,AWH,1,12.5,5,,FALSE,,10-10-2007,
CUIK3-07,952,AWG,KER,AWG,6,124.9,4,,FALSE,,10-10-2007,
CUIK3-07,953,AWH,KER,AWH,1,3.1,5,,FALSE,,10-10-2007,
CUIK3-07,954,AWH,KER,AWH,1,4.3,5,,FALSE,,10-10-2007,
CUIK3-07,955,AWH,KER,AWH,12,88.2,5,,FALSE,,10-10-2007,
CUIK3-07,956,AWH,KER,AWH,1,0.6,5,,FALSE,,10-10-2007,
CUIK3-07,956,VST,SXX,SVU,1,0.6,1,,FALSE,vuursteen,10-10-2007,
CUIK3-07,957,AWH,KER,AWH,18,143.6,5,,FALSE,,10-10-2007,
CUIK3-07,957,VST,SXX,SVU,1,16.2,1,,FALSE,vuursteen,10-10-2007,
CUIK3-07,958,AWH,KER,AWH,3,24.6,5,,FALSE,,10-10-2007,
CUIK3-07,959,AWH,KER,AWH,1,1.8,5,,FALSE,,10-10-2007,
CUIK3-07,960,AWH,KER,AWH,1,0.6,5,,FALSE,,10-10-2007,
CUIK3-07,961,AWH,KER,AWH,3,1.4,5,,FALSE,,10-10-2007,
CUIK3-07,963,AWH,KER,AWH,4,7.6,5,,FALSE,,10-10-2007,
CUIK3-07,963,NS,SXX,SXX,5,4.8,7,,FALSE,ONBEWERKT,10-10-2007,
CUIK3-07,964,AWH,KER,AWH,6,6.8,5,,FALSE,,10-10-2007,
CUIK3-07,965,NS,SXX,SXX,1,0.6,7,,FALSE,ARTEFACT,10-10-2007,
CUIK3-07,966,AWG,KER,AWG,3,122.6,4,,FALSE,,10-10-2007,
CUIK3-07,966,AWH,KER,AWH,14,419.6,5,,FALSE,,10-10-2007,
CUIK3-07,967,AWG,KER,AWG,1,24.2,4,,FALSE,,10-10-2007,
CUIK3-07,968,AWH,KER,AWH,14,188.2,5,,FALSE,,10-10-2007,
CUIK3-07,969,AWH,KER,AWH,5,64.6,5,,FALSE,,10-10-2007,
CUIK3-07,970,AWH,KER,AWH,4,77.4,5,,FALSE,,10-10-2007,
CUIK3-07,971,AWH,KER,AWH,2,65.6,5,,FALSE,,10-10-2007,
CUIK3-07,972,AWH,KER,AWH,10,22.4,5,,FALSE,,10-10-2007,
CUIK3-07,972,NS,SXX,SXX,1,32.8,7,,FALSE,ONBEWERKT,10-10-2007,
CUIK3-07,973,AWH,KER,AWH,2,33.2,5,,FALSE,,10-10-2007,
CUIK3-07,974,AWG,KER,AWG,5,65.4,4,,FALSE,,10-10-2007,
CUIK3-07,975,AWH,KER,AWH,18,198.6,8,,FALSE,,10-10-2007,
CUIK3-07,976,AWH,KER,AWH,2,55.1,5,,FALSE,,10-10-2007,
CUIK3-07,977,MET,MXX,MXX,1,3.3,,afgestoten,FALSE,,10-10-2007,
CUIK3-07,978,AWH,KER,AWH,1,3.8,5,,FALSE,,10-10-2007,
CUIK3-07,979,AWG,KER,AWG,1,7.5,4,,FALSE,,10-10-2007,
CUIK3-07,980,MET,MXX,MXX,1,7.6,,afgestoten,FALSE,,10-10-2007,
CUIK3-07,981,AWG,KER,AWG,1,59.6,4,,FALSE,,10-10-2007,
CUIK3-07,982,AWH,KER,AWH,1,8.6,5,,FALSE,,10-10-2007,
CUIK3-07,983,AWH,KER,AWH,4,63.1,5,,FALSE,,10-10-2007,
CUIK3-07,984,BW,KER,BOUWMAT,2,681.2,6,,FALSE,,10-10-2007,
CUIK3-07,984,MET,MXX,MXX,1,8.2,,afgestoten,FALSE,,10-10-2007,
CUIK3-07,985,AWH,KER,AWH,2,5.4,5,,FALSE,,10-10-2007,
CUIK3-07,985,HK,OXX,oph,1,1.4,,afgestoten,FALSE,,10-10-2007,
CUIK3-07,986,SLK,MXX,SLAK,3,3.8,1,,FALSE,,10-10-2007,
CUIK3-07,987,AWG,KER,AWG,1,26.2,4,,FALSE,,10-10-2007,
CUIK3-07,988,AWG,KER,AWG,1,2.6,4,,FALSE,,10-10-2007,
CUIK3-07,988,MET,MXX,MXX,3,22.6,,afgestoten,FALSE,,10-10-2007,
CUIK3-07,988,NS,SXX,SXX,2,10.6,7,,FALSE,ONBEWERKT,10-10-2007,
CUIK3-07,989,AWH,KER,AWH,1,72.7,5,,FALSE,,10-10-2007,
CUIK3-07,990,AWH,KER,AWH,13,35.4,5,,FALSE,,10-10-2007,
CUIK3-07,991,AWH,KER,AWH,2,10.8,5,,FALSE,,10-10-2007,
CUIK3-07,993,AWH,KER,AWH,34,148.6,5,,FALSE,,10-10-2007,
CUIK3-07,994,AWG,KER,AWG,1,4.4,4,,FALSE,,10-10-2007,
CUIK3-07,995,MET,MXX,MXX,1,7.4,,afgestoten,FALSE,,10-10-2007,
CUIK3-07,996,AWH,KER,AWH,5,8.2,5,,FALSE,,10-10-2007,
CUIK3-07,997,AWH,KER,AWH,1,14.6,5,,FALSE,,10-10-2007,
CUIK3-07,999,AWH,KER,AWH,1,30.8,5,,FALSE,,10-10-2007,
CUIK3-07,1000,AWH,KER,AWH,2,2.2,5,,FALSE,,10-10-2007,
CUIK3-07,1001,AWH,KER,AWH,1,5.8,5,,FALSE,,10-10-2007,
CUIK3-07,1003,AWH,KER,AWH,2,1.6,5,,FALSE,,10-10-2007,
CUIK3-07,1003,SLK,MXX,SLAK,3,2.8,1,,FALSE,,10-10-2007,
CUIK3-07,1005,AWH,KER,AWH,2,12.4,5,,FALSE,,10-10-2007,
CUIK3-07,1006,AWH,KER,AWH,2,8.6,5,,FALSE,,10-10-2007,
CUIK3-07,1007,AWH,KER,AWH,3,7.8,5,,FALSE,,10-10-2007,
CUIK3-07,1008,AWH,KER,AWH,1,3.7,5,,FALSE,,10-10-2007,
CUIK3-07,1009,AWH,KER,AWH,4,23.2,5,,FALSE,,10-10-2007,
CUIK3-07,1010,AWH,KER,AWH,4,12.6,5,,FALSE,,10-10-2007,
CUIK3-07,1012,AWG,KER,AWG,1,22.2,4,,FALSE,,10-10-2007,
CUIK3-07,1012,BW,KER,BOUWMAT,4,175.8,6,,FALSE,,10-10-2007,
CUIK3-07,1012,MET,MXX,MXX,1,7.4,,afgestoten,FALSE,,10-10-2007,
CUIK3-07,1013,AWH,KER,AWH,1,7.8,5,,FALSE,,10-10-2007,
CUIK3-07,1014,AWG,KER,AWG,2,6.4,4,,FALSE,,10-10-2007,
CUIK3-07,1014,AWH,KER,AWH,12,13.8,5,,FALSE,,10-10-2007,
CUIK3-07,1014,HK,OXX,oph,5,0.1,1,,FALSE,,10-10-2007,
CUIK3-07,1014,NS,SXX,SXX,3,0.1,7,,FALSE,ONBEWERKT,10-10-2007,
CUIK3-07,1015,AWH,KER,AWH,1,2.4,5,,FALSE,,10-10-2007,
CUIK3-07,1016,AWH,KER,AWH,1,13.4,5,,FALSE,,10-10-2007,
CUIK3-07,1017,AWH,KER,AWH,2,12.4,5,,FALSE,,10-10-2007,
CUIK3-07,1018,AWH,KER,AWH,2,10.8,5,,FALSE,,10-10-2007,
CUIK3-07,1019,BW,KER,BOUWMAT,1,5.8,6,,FALSE,,10-10-2007,
CUIK3-07,1020,NS,SXX,SXX,1,14.4,7,,FALSE,ONBEWERKT,10-10-2007,
CUIK3-07,1021,AWH,KER,AWH,1,4.2,5,,FALSE,,10-10-2007,
CUIK3-07,1022,AWH,KER,AWH,2,10.4,5,,FALSE,,10-10-2007,
CUIK3-07,1022,NS,SXX,SXX,1,44.9,7,,FALSE,ONBEWERKT,10-10-2007,
CUIK3-07,1023,AWH,KER,AWH,2,9.6,5,,FALSE,,10-10-2007,
CUIK3-07,1024,AWH,KER,AWH,1,16.1,5,,FALSE,,10-10-2007,
CUIK3-07,1025,AWG,KER,AWG,1,7.8,4,,FALSE,,10-10-2007,
CUIK3-07,1025,AWH,KER,AWH,90,746.8,8,,FALSE,,10-10-2007,
CUIK3-07,1027,AWH,KER,AWH,60,430.6,5,,FALSE,,10-10-2007,
CUIK3-07,1028,AWH,KER,AWH,5,8.6,5,,FALSE,,10-10-2007,
CUIK3-07,1028,NS,SXX,SXX,1,2.2,7,,FALSE,ONBEWERKT,10-10-2007,
CUIK3-07,1029,AWH,KER,AWH,4,44.8,5,,FALSE,,10-10-2007,
CUIK3-07,1030,AWH,KER,AWH,3,15.6,5,,FALSE,,10-10-2007,
CUIK3-07,1032,AWH,KER,AWH,1,8.4,5,,FALSE,,10-10-2007,
CUIK3-07,1033,AWH,KER,AWH,3,23.2,5,,FALSE,,10-10-2007,
CUIK3-07,1034,AWH,KER,AWH,2,6.4,5,,FALSE,,10-10-2007,
CUIK3-07,1035,AWH,KER,AWH,1,3.4,5,,FALSE,,10-10-2007,
CUIK3-07,1036,AWH,KER,AWH,2,11.4,5,,FALSE,,10-10-2007,
CUIK3-07,1037,AWH,KER,AWH,3,3.6,5,,FALSE,,10-10-2007,
CUIK3-07,1038,AWH,KER,AWH,1,7.2,5,,FALSE,,10-10-2007,
CUIK3-07,1039,AWH,KER,AWH,5,35.4,5,,FALSE,,10-10-2007,
CUIK3-07,1040,AWH,KER,AWH,1,8.6,5,,FALSE,,10-10-2007,
CUIK3-07,1041,AWH,KER,AWH,4,7.6,5,,FALSE,,10-10-2007,
CUIK3-07,1042,AWH,KER,AWH,2,6.2,5,,FALSE,,10-10-2007,
CUIK3-07,1044,BT,OXX,OXB,1,0.1,1,,FALSE,,10-10-2007,
CUIK3-07,1044,VST,SXX,SVU,1,0.1,1,,FALSE,vuursteen,10-10-2007,
CUIK3-07,1045,AWH,KER,AWH,20,21.4,5,,FALSE,,10-10-2007,
CUIK3-07,1046,AWH,KER,AWH,12,60.4,5,,FALSE,,10-10-2007,
CUIK3-07,1046,NS,SXX,SXX,2,67.8,7,,FALSE,ONBEWERKT,10-10-2007,
CUIK3-07,1049,AWH,KER,AWH,63,1429.3,8,,FALSE,,10-10-2007,
CUIK3-07,1051,AWH,KER,AWH,2,6.8,5,,FALSE,,10-10-2007,
CUIK3-07,1052,AWH,KER,AWH,2,13.2,5,,FALSE,,10-10-2007,
CUIK3-07,1053,AWH,KER,AWH,1,8.8,5,,FALSE,,10-10-2007,
CUIK3-07,1054,AWG,KER,AWG,1,8.8,4,,FALSE,,10-10-2007,
CUIK3-07,1055,VST,SXX,SVU,1,1.2,1,,FALSE,vuursteen,10-10-2007,
CUIK3-07,1056,AWH,KER,AWH,7,30.8,5,,FALSE,,10-10-2007,
CUIK3-07,1057,AWH,KER,AWH,2,13.6,5,,FALSE,,10-10-2007,
CUIK3-07,1058,AWH,KER,AWH,2,4.2,5,,FALSE,,10-10-2007,
CUIK3-07,1059,AWH,KER,AWH,10,15.8,5,,FALSE,,10-10-2007,
CUIK3-07,1061,HK,OXX,oph,2,0.4,,afgestoten,FALSE,,10-10-2007,
CUIK3-07,1062,AWH,KER,AWH,4,32.2,5,,FALSE,,10-10-2007,
CUIK3-07,1063,AWH,KER,AWH,1,4.4,5,,FALSE,,10-10-2007,
CUIK3-07,1064,AWH,KER,AWH,1,3.4,5,,FALSE,,10-10-2007,
CUIK3-07,1065,AWH,KER,AWH,2,3.6,5,,FALSE,,10-10-2007,
CUIK3-07,1067,AWH,KER,AWH,20,71.2,5,,FALSE,,10-10-2007,
CUIK3-07,1068,AWH,KER,AWH,3,4.6,5,,FALSE,,10-10-2007,
CUIK3-07,1069,NS,SXX,SXX,1,0.1,7,,FALSE,ONBEWERKT,10-10-2007,
CUIK3-07,1070,AWH,KER,AWH,4,46.6,5,,FALSE,,10-10-2007,
CUIK3-07,1071,AWH,KER,AWH,26,74.2,5,,FALSE,,10-10-2007,
CUIK3-07,1072,AWH,KER,AWH,1,4.6,5,,FALSE,,10-10-2007,
CUIK3-07,1072,BW,KER,BOUWMAT,1,540.6,6,,FALSE,,10-10-2007,
CUIK3-07,1073,AWG,KER,AWG,1,0.2,4,,FALSE,,10-10-2007,
CUIK3-07,1073,MET,MXX,MXX,4,10.8,,afgestoten,FALSE,,10-10-2007,
CUIK3-07,1074,AWH,KER,AWH,1,3.6,5,,FALSE,,10-10-2007,
CUIK3-07,1075,AWG,KER,AWG,1,8.6,4,,FALSE,,10-10-2007,
CUIK3-07,1076,NS,SXX,SXX,1,817.2,7,,FALSE,ONBEWERKT,10-10-2007,
CUIK3-07,1078,AWH,KER,AWH,1,2.8,5,,FALSE,,10-10-2007,
CUIK3-07,1079,AWH,KER,AWH,1,5.2,5,,FALSE,,10-10-2007,
CUIK3-07,1080,AWG,KER,AWG,1,57.8,4,,FALSE,,10-10-2007,
CUIK3-07,1081,AWG,KER,AWG,1,153.6,4,,FALSE,,10-10-2007,
CUIK3-07,1082,BW,KER,BOUWMAT,1,317.6,6,,FALSE,,10-10-2007,
CUIK3-07,1084,AWH,KER,AWH,2,8.6,5,,FALSE,,10-10-2007,
CUIK3-07,1085,AWH,KER,AWH,9,58.4,5,,FALSE,,10-10-2007,
CUIK3-07,1088,MET,MXX,mcu,9,47.4,9,naar conservering,TRUE,Koperlegering,10-10-2007,DROOG
CUIK3-07,213,AWH,KER,AWH,1,24.8,3,,FALSE,,11-10-2007,
CUIK3-07,479,AWH,KER,AWH,1,12.8,3,,FALSE,,11-10-2007,
CUIK3-07,946,AWH,KER,AWH,4,83.4,3,,FALSE,,12-10-2007,
CUIK3-07,946,BW,KER,BOUWMAT,1,5.8,6,,FALSE,,12-10-2007,
CUIK3-07,946,NS,SXX,SXX,2,155.3,7,,FALSE,ONBEWERKT,12-10-2007,
CUIK3-07,947,AWH,KER,AWH,1,23.4,3,,FALSE,,12-10-2007,
CUIK3-07,947,BW,KER,BOUWMAT,2,230.2,6,,FALSE,,12-10-2007,
CUIK3-07,1026,AWH,KER,AWH,6,115.2,8,,FALSE,,12-10-2007,
CUIK3-07,234,AWG,KER,AWG,3,8.6,4,,FALSE,,13-12-2007,
CUIK3-07,762,AWG,KER,AWG,1,5.2,4,,FALSE,,13-12-2007,
CUIK3-07,717,MET,MXX,MXX,2,52.6,,afgestoten,FALSE,,18-9-2007,
CUIK3-07,6,AWG,KER,AWG,4,116.4,4,,FALSE,,2-10-2007,
CUIK3-07,8,AWG,KER,AWG,5,27.6,4,,FALSE,,2-10-2007,
CUIK3-07,8,AWH,KER,AWH,6,49.6,4,,FALSE,,2-10-2007,
CUIK3-07,9,AWG,KER,AWG,5,42.8,4,,FALSE,,2-10-2007,
CUIK3-07,9,AWH,KER,AWH,6,23.4,4,,FALSE,,2-10-2007,
CUIK3-07,19,AWH,KER,AWH,5,49.4,4,,FALSE,,2-10-2007,
CUIK3-07,29,AWG,KER,AWG,2,16.6,4,,FALSE,,2-10-2007,
CUIK3-07,37,AWG,KER,AWG,1,3.6,4,,FALSE,,2-10-2007,
CUIK3-07,49,AWG,KER,AWG,1,2.8,4,,FALSE,,2-10-2007,
CUIK3-07,60,AWG,KER,AWG,1,24.6,4,,FALSE,,2-10-2007,
CUIK3-07,63,AWG,KER,AWG,2,6.4,4,,FALSE,,2-10-2007,
CUIK3-07,74,AWG,KER,AWG,1,1.6,4,,FALSE,,2-10-2007,
CUIK3-07,77,AWG,KER,AWG,2,9.4,4,,FALSE,,2-10-2007,
CUIK3-07,91,AWG,KER,AWG,2,11.8,4,,FALSE,,2-10-2007,
CUIK3-07,100,AWG,KER,AWG,1,3.2,4,,FALSE,,2-10-2007,
CUIK3-07,103,AWG,KER,AWG,1,13.2,4,,FALSE,,2-10-2007,
CUIK3-07,121,AWG,KER,AWG,2,33.7,4,,FALSE,,2-10-2007,
CUIK3-07,126,AWH,KER,AWH,9,117.4,4,,FALSE,,2-10-2007,
CUIK3-07,128,AWG,KER,AWG,93,980.8,4,,FALSE,,2-10-2007,
CUIK3-07,130,AWG,KER,AWG,2,5.6,4,,FALSE,,2-10-2007,
CUIK3-07,132,AWG,KER,AWG,2,5.8,4,,FALSE,,2-10-2007,
CUIK3-07,135,AWG,KER,AWG,4,80.8,4,,FALSE,,2-10-2007,
CUIK3-07,135,AWH,KER,AWH,6,15.2,4,,FALSE,,2-10-2007,
CUIK3-07,137,AWG,KER,AWG,1,2.8,4,,FALSE,,2-10-2007,
CUIK3-07,150,AWG,KER,AWG,1,5.6,4,,FALSE,,2-10-2007,
CUIK3-07,152,AWG,KER,AWG,3,95.8,4,,FALSE,,2-10-2007,
CUIK3-07,154,AWG,KER,AWG,1,3.4,4,,FALSE,,2-10-2007,
CUIK3-07,157,AWG,KER,AWG,1,2.2,4,,FALSE,,2-10-2007,
CUIK3-07,190,AWG,KER,AWG,1,10.6,4,,FALSE,,2-10-2007,
CUIK3-07,205,AWG,KER,AWG,1,18.4,4,,FALSE,,2-10-2007,
CUIK3-07,206,AWG,KER,AWG,2,14.9,4,,FALSE,,2-10-2007,
CUIK3-07,206,AWH,KER,AWH,25,151.6,4,,FALSE,,2-10-2007,
CUIK3-07,231,AWG,KER,AWG,1,14.8,4,,FALSE,,2-10-2007,
CUIK3-07,231,AWH,KER,AWH,1,10.6,4,,FALSE,,2-10-2007,
CUIK3-07,233,AWG,KER,AWG,2,9.6,4,,FALSE,,2-10-2007,
CUIK3-07,248,AWG,KER,AWG,1,9.2,4,,FALSE,,2-10-2007,
CUIK3-07,248,AWH,KER,AWH,2,10.4,4,,FALSE,,2-10-2007,
CUIK3-07,249,AWG,KER,AWG,1,3.4,4,,FALSE,,2-10-2007,
CUIK3-07,250,AWG,KER,AWG,1,20.6,4,,FALSE,,2-10-2007,
CUIK3-07,252,AWG,KER,AWG,4,26.6,4,,FALSE,,2-10-2007,
CUIK3-07,253,AWG,KER,AWG,2,22.6,4,,FALSE,,2-10-2007,
CUIK3-07,259,AWG,KER,AWG,1,7.4,4,,FALSE,,2-10-2007,
CUIK3-07,269,AWG,KER,AWG,1,12.8,4,,FALSE,,2-10-2007,
CUIK3-07,272,AWG,KER,AWG,1,7.4,4,,FALSE,,2-10-2007,
CUIK3-07,279,AWG,KER,AWG,1,10.4,4,,FALSE,,2-10-2007,
CUIK3-07,311,AWG,KER,AWG,1,3.2,4,,FALSE,,2-10-2007,
CUIK3-07,313,AWG,KER,AWG,2,4.6,4,,FALSE,,2-10-2007,
CUIK3-07,326,AWH,KER,AWH,1,5.2,5,,FALSE,,2-10-2007,
CUIK3-07,327,AWH,KER,AWH,1,25.6,5,,FALSE,,2-10-2007,
CUIK3-07,328,AWH,KER,AWH,2,17.8,5,,FALSE,,2-10-2007,
CUIK3-07,329,AWH,KER,AWH,1,11.6,5,,FALSE,,2-10-2007,
CUIK3-07,330,AWH,KER,AWH,5,43.6,5,,FALSE,,2-10-2007,
CUIK3-07,331,AWG,KER,AWG,1,11.6,4,,FALSE,,2-10-2007,
CUIK3-07,331,AWH,KER,AWH,2,7.2,5,,FALSE,,2-10-2007,
CUIK3-07,331,VST,SXX,SVU,1,6.4,1,,FALSE,vuursteen,2-10-2007,
CUIK3-07,332,AWH,KER,AWH,2,14.2,5,,FALSE,,2-10-2007,
CUIK3-07,332,NS,SXX,SXX,4,28.8,7,,FALSE,ONBEWERKT,2-10-2007,
CUIK3-07,333,AWG,KER,AWG,1,17.2,4,,FALSE,,2-10-2007,
CUIK3-07,335,AWH,KER,AWH,2,4.6,5,,FALSE,,2-10-2007,
CUIK3-07,338,VST,SXX,SVU,1,3.8,1,,FALSE,vuursteen,2-10-2007,
CUIK3-07,340,AWH,KER,AWH,2,13.8,5,,FALSE,,2-10-2007,
CUIK3-07,341,ZAD,OPX,OPX,7,2.2,,afgestoten,FALSE,,2-10-2007,
CUIK3-07,342,AWH,KER,AWH,1,3.4,5,,FALSE,,2-10-2007,
CUIK3-07,343,AWH,KER,AWH,3,3.8,5,,FALSE,,2-10-2007,
CUIK3-07,344,AWH,KER,AWH,1,4.6,5,,FALSE,,2-10-2007,
CUIK3-07,346,AWH,KER,AWH,12,114.8,5,,FALSE,,2-10-2007,
CUIK3-07,346,NS,SXX,SXX,1,0.6,7,,FALSE,ONBEWERKT,2-10-2007,
CUIK3-07,347,AWH,KER,AWH,80,463.8,5,,FALSE,,2-10-2007,
CUIK3-07,347,NS,SXX,SXX,1,2.6,7,,FALSE,ONBEWERKT,2-10-2007,
CUIK3-07,347,VST,SXX,SVU,2,6.6,1,,FALSE,vuursteen,2-10-2007,
CUIK3-07,348,AWH,KER,AWH,28,173.6,5,,FALSE,,2-10-2007,
CUIK3-07,348,BT,OXX,OXB,1,2.6,1,,FALSE,,2-10-2007,
CUIK3-07,349,AWH,KER,AWH,1,5.2,5,,FALSE,,2-10-2007,
CUIK3-07,350,AWH,KER,AWH,4,27.8,5,,FALSE,,2-10-2007,
CUIK3-07,352,AWH,KER,AWH,4,13.2,5,,FALSE,,2-10-2007,
CUIK3-07,353,AWH,KER,AWH,1,4.6,5,,FALSE,,2-10-2007,
CUIK3-07,354,AWH,KER,AWH,4,17.6,5,,FALSE,,2-10-2007,
CUIK3-07,355,AWH,KER,AWH,1,3.6,5,,FALSE,,2-10-2007,
CUIK3-07,356,NS,SXX,SXX,1,4.8,7,,FALSE,ONBEWERKT,2-10-2007,
CUIK3-07,357,AWH,KER,AWH,2,4.4,5,,FALSE,,2-10-2007,
CUIK3-07,359,AWH,KER,AWH,1,6.4,5,,FALSE,,2-10-2007,
CUIK3-07,360,AWH,KER,AWH,3,10.6,5,,FALSE,,2-10-2007,
CUIK3-07,362,AWG,KER,AWG,1,2.8,4,,FALSE,,2-10-2007,
CUIK3-07,363,AWH,KER,AWH,5,13.4,5,,FALSE,,2-10-2007,
CUIK3-07,363,VKL,KER,huttelm,7,47.4,1,,FALSE,SB Huttenleem,2-10-2007,
CUIK3-07,364,AWH,KER,AWH,2,3.4,5,,FALSE,,2-10-2007,
CUIK3-07,364,NS,SXX,SXX,1,11.6,7,,FALSE,ONBEWERKT,2-10-2007,
CUIK3-07,365,AWH,KER,AWH,12,251.2,5,,FALSE,,2-10-2007,
CUIK3-07,366,AWH,KER,AW,3,8.6,4,,FALSE,,2-10-2007,
CUIK3-07,367,AWH,KER,AWH,24,405.4,5,,FALSE,,2-10-2007,
CUIK3-07,368,NS,SXX,SXX,1,21.2,7,,FALSE,ONBEWERKT,2-10-2007,
CUIK3-07,370,AWH,KER,AWH,2,3.6,5,,FALSE,,2-10-2007,
CUIK3-07,371,AWH,KER,AWH,9,65.6,5,,FALSE,,2-10-2007,
CUIK3-07,372,NS,SXX,SXX,2,10.4,7,,FALSE,ONBEWERKT,2-10-2007,
CUIK3-07,373,AWH,KER,AWH,6,76.2,5,,FALSE,,2-10-2007,
CUIK3-07,374,VKL,KER,huttelm,1,5.4,1,,FALSE,,2-10-2007,
CUIK3-07,375,AWH,KER,AWH,1,8.2,5,,FALSE,,2-10-2007,
CUIK3-07,376,AWH,KER,AWH,3,27.2,8,,FALSE,,2-10-2007,
CUIK3-07,377,AWH,KER,AWH,1,3.4,5,,FALSE,,2-10-2007,
CUIK3-07,379,AWH,KER,AWH,1,2.8,5,,FALSE,,2-10-2007,
CUIK3-07,382,VKL,KER,huttelm,2,80.2,1,,FALSE,SBHuttenleem,2-10-2007,
CUIK3-07,383,AWH,KER,AWH,2,11.2,5,,FALSE,,2-10-2007,
CUIK3-07,384,AWG,KER,AWG,6,73.2,4,,FALSE,,2-10-2007,
CUIK3-07,384,VKL,KER,huttelm,2,7.2,1,,FALSE,,2-10-2007,
CUIK3-07,385,AWH,KER,AWH,24,358.2,5,,FALSE,,2-10-2007,
CUIK3-07,386,AWH,KER,AWH,1,14.4,5,,FALSE,,2-10-2007,
CUIK3-07,387,AWG,KER,AWG,5,15.2,4,,FALSE,,2-10-2007,
CUIK3-07,387,VKL,KER,huttelm,8,62.6,1,,FALSE,,2-10-2007,
CUIK3-07,388,AWG,KER,AWG,1,13.6,4,,FALSE,,2-10-2007,
CUIK3-07,388,MET,MXX,MXX,2,57.4,,afgestoten,FALSE,,2-10-2007,
CUIK3-07,388,NS,SXX,SXX,10,705.2,7,,FALSE,ONBEWERKT,2-10-2007,
CUIK3-07,389,AWG,KER,AWG,1,9.4,4,,FALSE,,2-10-2007,
CUIK3-07,390,AWG,KER,AWG,1,7.2,4,,FALSE,,2-10-2007,
CUIK3-07,391,AWG,KER,AWG,3,26.6,4,,FALSE,,2-10-2007,
CUIK3-07,392,VKL,KER,huttelm,4,140.6,1,,FALSE,,2-10-2007,
CUIK3-07,393,AWH,KER,AWH,2,41.6,5,,FALSE,,2-10-2007,
CUIK3-07,393,VKL,KER,huttelm,1,18.4,1,,FALSE,,2-10-2007,
CUIK3-07,394,AWG,KER,AWG,9,94.2,4,,FALSE,,2-10-2007,
CUIK3-07,394,MET,MXX,MXX,1,5.2,,afgestoten,FALSE,,2-10-2007,
CUIK3-07,396,AWH,KER,AWH,1,7.4,5,,FALSE,,2-10-2007,
CUIK3-07,397,BW,KER,BOUWMAT,2,130.8,6,,FALSE,,2-10-2007,
CUIK3-07,398,MET,MXX,MXX,1,14.8,,afgestoten,FALSE,,2-10-2007,
CUIK3-07,398,NS,SXX,SXX,2,153.4,7,,FALSE,ONBEWERKT,2-10-2007,
CUIK3-07,400,AWH,KER,AWH,7,47.4,5,,FALSE,,2-10-2007,
CUIK3-07,409,AWG,KER,AWG,1,8.4,4,,FALSE,,2-10-2007,
CUIK3-07,431,NS,SXX,SXX,1,692.6,7,,FALSE,ARTEFACT,2-10-2007,
CUIK3-07,437,KER,KER,KER,1,36.8,8,,FALSE,,2-10-2007,
CUIK3-07,440,NS,SXX,SXX,1,292.4,7,,FALSE,ARTEFACT,2-10-2007,
CUIK3-07,455,AWH,KER,AWH,3,5.2,5,,FALSE,,2-10-2007,
CUIK3-07,455,VST,SXX,SVU,2,1.8,1,,FALSE,vuursteen,2-10-2007,
CUIK3-07,640,AWG,KER,AWG,1,5.8,4,,FALSE,,2-10-2007,
CUIK3-07,650,ZAD,OPX,OPX,62,19.6,1,,FALSE,,2-10-2007,
CUIK3-07,684,AWG,KER,AWG,1,9.6,4,,FALSE,,2-10-2007,
CUIK3-07,684,AWH,KER,AWH,11,44.2,4,,FALSE,,2-10-2007,
CUIK3-07,702,AWG,KER,AWG,4,8.8,4,,FALSE,,2-10-2007,
CUIK3-07,702,AWH,KER,AWH,11,32.2,4,,FALSE,,2-10-2007,
CUIK3-07,710,AWG,KER,AWG,1,29.8,4,,FALSE,,2-10-2007,
CUIK3-07,710,AWH,KER,AWH,6,11.4,4,,FALSE,,2-10-2007,
CUIK3-07,719,VST,SXX,SVU,1,0.4,1,,FALSE,vuursteen,2-10-2007,
CUIK3-07,724,AWG,KER,AWG,1,72.6,4,,FALSE,,2-10-2007,
CUIK3-07,724,AWH,KER,AWH,2,16.6,4,,FALSE,,2-10-2007,
CUIK3-07,745,AWG,KER,AWG,1,2.8,4,,FALSE,,2-10-2007,
CUIK3-07,775,VKL,KER,huttelm,18,39.8,1,,FALSE,,2-10-2007,
CUIK3-07,776,VST,SXX,SVU,1,3.6,1,,FALSE,vuursteen,2-10-2007,
CUIK3-07,777,AWH,KER,AW,1,17.4,4,,FALSE,,2-10-2007,
CUIK3-07,778,AWG,KER,AWG,3,28.8,4,,FALSE,,2-10-2007,
CUIK3-07,778,AWH,KER,AWH,2,25.8,5,,FALSE,,2-10-2007,
CUIK3-07,778,NS,SXX,SXX,1,5.6,7,,FALSE,ONBEWERKT,2-10-2007,
CUIK3-07,779,AWH,KER,AWH,2,14.2,5,,FALSE,,2-10-2007,
CUIK3-07,780,AWH,KER,AWH,4,47.8,5,,FALSE,,2-10-2007,
CUIK3-07,780,VKL,KER,huttelm,5,49.4,1,,FALSE,,2-10-2007,
CUIK3-07,781,AWG,KER,AWG,3,48.2,4,,FALSE,,2-10-2007,
CUIK3-07,783,AWG,KER,AWG,2,32.6,4,,FALSE,,2-10-2007,
CUIK3-07,786,NS,SXX,SXX,1,46.8,7,,FALSE,ONBEWERKT,2-10-2007,
CUIK3-07,786,VKL,KER,huttelm,1,10.2,1,,FALSE,,2-10-2007,
CUIK3-07,787,AWG,KER,AWG,1,6.4,4,,FALSE,,2-10-2007,
CUIK3-07,789,AWH,KER,AWH,6,39.6,5,,FALSE,,2-10-2007,
CUIK3-07,789,VST,SXX,SVU,1,37.2,1,,FALSE,vuursteen,2-10-2007,
CUIK3-07,790,AWH,KER,AWH,2,15.4,5,,FALSE,,2-10-2007,
CUIK3-07,791,AWH,KER,AWH,4,20.2,5,,FALSE,,2-10-2007,
CUIK3-07,791,NS,SXX,SXX,1,70.8,7,,FALSE,ONBEWERKT,2-10-2007,
CUIK3-07,791,VKL,KER,huttelm,5,49.4,1,,FALSE,SB Huttenleem,2-10-2007,
CUIK3-07,792,AWG,KER,AWG,3,37.4,4,,FALSE,,2-10-2007,
CUIK3-07,792,AWH,KER,AWH,1,13.6,5,,FALSE,,2-10-2007,
CUIK3-07,794,NS,SXX,SXX,1,24.4,7,,FALSE,ONBEWERKT,2-10-2007,
CUIK3-07,795,AWH,KER,AWH,4,15.6,5,,FALSE,,2-10-2007,
CUIK3-07,797,AWH,KER,AWH,1,6.2,5,,FALSE,,2-10-2007,
CUIK3-07,801,AWH,KER,AWH,1,4.8,5,,FALSE,,2-10-2007,
CUIK3-07,802,AWH,KER,AWH,4,7.8,5,,FALSE,,2-10-2007,
CUIK3-07,802,VST,SXX,SVU,1,2.2,1,,FALSE,vuursteen,2-10-2007,
CUIK3-07,803,AWH,KER,AWH,2,5.8,5,,FALSE,,2-10-2007,
CUIK3-07,804,NS,SXX,SXX,1,16.8,7,,FALSE,ONBEWERKT,2-10-2007,
CUIK3-07,805,AWH,KER,AWH,2,6.4,5,,FALSE,,2-10-2007,
CUIK3-07,809,BT,OXX,OXB,2,1.8,1,,FALSE,,2-10-2007,
CUIK3-07,811,AWH,KER,AWH,46,934.2,5,,FALSE,,2-10-2007,
CUIK3-07,811,VST,SXX,SVU,1,3.8,1,,FALSE,vuursteen,2-10-2007,
CUIK3-07,812,AWH,KER,AWH,62,864.6,8,,FALSE,,2-10-2007,
CUIK3-07,812,NS,SXX,SXX,5,86.2,7,,FALSE,ONBEWERKT,2-10-2007,
CUIK3-07,813,AWH,KER,AWH,9,244.6,5,,FALSE,,2-10-2007,
CUIK3-07,813,NS,SXX,SXX,3,422.2,7,,FALSE,ONBEWERKT,2-10-2007,
CUIK3-07,814,AWH,KER,AWH,12,165.2,5,,FALSE,,2-10-2007,
CUIK3-07,816,AWH,KER,AWH,1,4.8,5,,FALSE,,2-10-2007,
CUIK3-07,819,AWH,KER,AWH,1,3.8,5,,FALSE,,2-10-2007,
CUIK3-07,820,AWH,KER,AWH,15,106.4,5,,FALSE,,2-10-2007,
CUIK3-07,820,MET,MXX,MXX,2,19.4,,afgestoten,FALSE,,2-10-2007,
CUIK3-07,821,AWH,KER,AWH,5,28.8,5,,FALSE,,2-10-2007,
CUIK3-07,822,AWH,KER,AWH,2,12.2,5,,FALSE,,2-10-2007,
CUIK3-07,822,BW,KER,BOUWMAT,5,301.8,6,,FALSE,,2-10-2007,
CUIK3-07,822,MET,MXX,MXX,2,15.8,,afgestoten,FALSE,,2-10-2007,
CUIK3-07,823,AWG,KER,AWG,1,5.4,4,,FALSE,,2-10-2007,
CUIK3-07,824,AWH,KER,AWH,2,21.8,5,,FALSE,,2-10-2007,
CUIK3-07,825,AWH,KER,AWH,5,18.4,5,,FALSE,,2-10-2007,
CUIK3-07,826,AWH,KER,AWH,3,10.4,5,,FALSE,,2-10-2007,
CUIK3-07,826,NS,SXX,SXX,1,14.6,7,,FALSE,ONBEWERKT,2-10-2007,
CUIK3-07,827,AWH,KER,AWH,2,8.6,5,,FALSE,,2-10-2007,
CUIK3-07,828,AWH,KER,AWH,2,29.2,5,,FALSE,,2-10-2007,
CUIK3-07,828,BW,KER,BOUWMAT,1,32.2,6,,FALSE,,2-10-2007,
CUIK3-07,830,AWH,KER,AWH,3,9.6,5,,FALSE,,2-10-2007,
CUIK3-07,831,AWH,KER,AWH,1,4.4,5,,FALSE,,2-10-2007,
CUIK3-07,831,MET,MXX,MXX,1,11.4,,afgestoten,FALSE,,2-10-2007,
CUIK3-07,832,AWG,KER,AWG,8,158.8,4,,FALSE,,2-10-2007,
CUIK3-07,832,BW,KER,BOUWMAT,2,14.2,6,,FALSE,,2-10-2007,
CUIK3-07,832,MET,MXX,MXX,1,12.2,,afgestoten,FALSE,,2-10-2007,
CUIK3-07,833,AWG,KER,AWG,1,22.4,4,,FALSE,,2-10-2007,
CUIK3-07,833,AWH,KER,AWH,3,6.4,5,,FALSE,,2-10-2007,
CUIK3-07,835,AWG,KER,AWG,5,40.4,4,,FALSE,,2-10-2007,
CUIK3-07,835,VKL,KER,huttelm,3,12.4,1,,FALSE,,2-10-2007,
CUIK3-07,837,AWG,KER,AWG,1,4.6,4,,FALSE,,2-10-2007,
CUIK3-07,838,HK,OXX,OPH,11,2.8,1,,FALSE,,2-10-2007,
CUIK3-07,838,KER,KER,KER,1,19.8,4,,FALSE,,2-10-2007,
CUIK3-07,838,MET,MXX,MXX,1,8.6,,afgestoten,FALSE,,2-10-2007,
CUIK3-07,838,VKL,KER,huttelm,24,69.2,1,,FALSE,,2-10-2007,
CUIK3-07,839,VKL,KER,huttelm,1,3.4,1,,FALSE,,2-10-2007,
CUIK3-07,840,VKL,KER,huttelm,1,24.4,1,,FALSE,SB Huttenleem,2-10-2007,
CUIK3-07,841,VKL,KER,huttelm,4,36.2,1,,FALSE,,2-10-2007,
CUIK3-07,842,AWH,KER,AW,2,4.6,4,,FALSE,,2-10-2007,
CUIK3-07,843,AWG,KER,AWG,11,37.4,4,,FALSE,,2-10-2007,
CUIK3-07,843,VKL,KER,huttelm,4,8.2,1,,FALSE,,2-10-2007,
CUIK3-07,844,AWH,KER,AWH,8,9.4,5,,FALSE,,2-10-2007,
CUIK3-07,845,AWH,KER,AWH,3,7.6,5,,FALSE,,2-10-2007,
CUIK3-07,850,AWH,KER,AWH,34,313.2,5,,FALSE,,2-10-2007,
CUIK3-07,850,NS,SXX,SXX,5,125.2,7,,FALSE,ONBEWERKT,2-10-2007,
CUIK3-07,851,AWH,KER,AWH,8,91.8,5,,FALSE,,2-10-2007,
CUIK3-07,851,NS,SXX,SXX,7,45.8,7,,FALSE,ONBEWERKT,2-10-2007,
CUIK3-07,852,AWH,KER,AWH,17,153.2,5,,FALSE,,2-10-2007,
CUIK3-07,852,VKL,KER,huttelm,11,55.2,1,,FALSE,,2-10-2007,
CUIK3-07,853,AWG,KER,AWG,3,17.2,4,,FALSE,,2-10-2007,
CUIK3-07,854,AWH,KER,AWH,10,9.2,5,,FALSE,,2-10-2007,
CUIK3-07,855,MET,MXX,MXX,2,20.8,,afgestoten,FALSE,,2-10-2007,
CUIK3-07,855,VKL,KER,huttelm,1,20.2,1,,FALSE,,2-10-2007,
CUIK3-07,856,AWG,KER,AWG,1,7.2,4,,FALSE,,2-10-2007,
CUIK3-07,857,AWH,KER,AWH,5,29.6,5,,FALSE,,2-10-2007,
CUIK3-07,858,AWH,KER,AWH,1,13.4,5,,FALSE,,2-10-2007,
CUIK3-07,859,AWH,KER,AWH,6,34.4,5,,FALSE,,2-10-2007,
CUIK3-07,860,AWH,KER,AWH,1,4.8,5,,FALSE,,2-10-2007,
CUIK3-07,862,AWG,KER,AWG,1,9.4,4,,FALSE,,2-10-2007,
CUIK3-07,863,AWG,KER,AWG,3,36.6,4,,FALSE,,2-10-2007,
CUIK3-07,863,AWH,KER,AWH,5,89.4,5,,FALSE,,2-10-2007,
CUIK3-07,863,BW,KER,BOUWMAT,1,550.8,6,,FALSE,,2-10-2007,
CUIK3-07,864,BW,KER,BOUWMAT,1,6.4,6,,FALSE,,2-10-2007,
CUIK3-07,864,MET,MXX,MXX,1,4.4,,afgestoten,FALSE,,2-10-2007,
CUIK3-07,866,MET,MXX,MFE,5,428.8,9,naar conservering,TRUE,,2-10-2007,DROOG
CUIK3-07,866,NS,SXX,SXX,3,1949.4,7,,FALSE,ONBEWERKT,2-10-2007,
CUIK3-07,867,AWH,KER,AWH,3,53.4,5,,FALSE,,2-10-2007,
CUIK3-07,867,HK,OXX,OPH,2,4.6,1,,FALSE,,2-10-2007,
CUIK3-07,867,MET,MXX,MXX,3,52.6,,afgestoten,FALSE,,2-10-2007,
CUIK3-07,867,VKL,KER,huttelm,2,88.8,1,,FALSE,SB Huttenleem,2-10-2007,
CUIK3-07,868,AWG,KER,AWG,1,9.8,4,,FALSE,,2-10-2007,
CUIK3-07,869,AWG,KER,AWG,9,98.8,4,,FALSE,,2-10-2007,
CUIK3-07,869,AWH,KER,AWH,1,11.2,5,,FALSE,,2-10-2007,
CUIK3-07,869,BW,KER,BOUWMAT,1,395.8,6,,FALSE,,2-10-2007,
CUIK3-07,869,NS,SXX,SXX,1,10.8,7,,FALSE,ARTEFACT,2-10-2007,
CUIK3-07,870,AWH,KER,AWH,1,4.2,5,,FALSE,,2-10-2007,
CUIK3-07,871,NS,SXX,SXX,1,8.4,7,,FALSE,ONBEWERKT,2-10-2007,
CUIK3-07,872,AWH,KER,AWH,2,9.2,5,,FALSE,,2-10-2007,
CUIK3-07,872,BW,KER,BOUWMAT,1,268.8,6,,FALSE,,2-10-2007,
CUIK3-07,875,MET,MXX,MXX,1,12.8,,afgestoten,FALSE,,2-10-2007,
CUIK3-07,875,NS,SXX,SXX,1,25.6,7,,FALSE,ONBEWERKT,2-10-2007,
CUIK3-07,876,AWG,KER,AWG,1,5.4,4,,FALSE,,2-10-2007,
CUIK3-07,876,MET,MXX,MXX,1,18.8,,afgestoten,FALSE,,2-10-2007,
CUIK3-07,877,AWG,KER,AWG,6,30.2,4,,FALSE,,2-10-2007,
CUIK3-07,877,MET,MXX,MXX,3,207.8,,afgestoten,FALSE,,2-10-2007,
CUIK3-07,877,VKL,KER,huttelm,2,36.4,1,SB Huttenleem,FALSE,,2-10-2007,
CUIK3-07,878,AWH,KER,AWH,2,17.4,5,,FALSE,,2-10-2007,
CUIK3-07,879,AWH,KER,AWH,3,34.4,5,,FALSE,,2-10-2007,
CUIK3-07,880,AWH,KER,AW,1,2.8,4,,FALSE,,2-10-2007,
CUIK3-07,882,AWH,KER,AWH,8,70.4,5,,FALSE,,2-10-2007,
CUIK3-07,883,AWH,KER,AWH,1,16.2,5,,FALSE,,2-10-2007,
CUIK3-07,884,AWH,KER,AWH,1,6.2,5,,FALSE,,2-10-2007,
CUIK3-07,885,AWH,KER,AWH,1,13.4,5,,FALSE,,2-10-2007,
CUIK3-07,886,AWG,KER,AWG,3,21.8,4,,FALSE,,2-10-2007,
CUIK3-07,886,MET,MXX,MXX,2,15.6,,afgestoten,FALSE,,2-10-2007,
CUIK3-07,886,NS,SXX,SXX,1,17.8,7,,FALSE,ONBEWERKT,2-10-2007,
CUIK3-07,887,AWG,KER,AWG,5,37.4,4,,FALSE,,2-10-2007,
CUIK3-07,887,MET,MXX,MXX,3,112.8,,afgestoten,FALSE,,2-10-2007,
CUIK3-07,888,VKL,KER,huttelm,3,44.4,1,,FALSE,SB Huttenleem,2-10-2007,
CUIK3-07,889,AWG,KER,AWG,1,7.8,4,,FALSE,,2-10-2007,
CUIK3-07,891,AWG,KER,AWG,2,11.8,4,,FALSE,,2-10-2007,
CUIK3-07,891,AWH,KER,AWH,2,12.2,5,,FALSE,,2-10-2007,
CUIK3-07,892,AWG,KER,AWG,1,4.6,4,,FALSE,,2-10-2007,
CUIK3-07,892,VKL,KER,huttelm,3,108.8,1,,FALSE,,2-10-2007,
CUIK3-07,893,AWG,KER,AWG,1,2.8,4,,FALSE,,2-10-2007,
CUIK3-07,895,VST,SXX,SVU,1,9.4,1,,FALSE,vuursteen,2-10-2007,
CUIK3-07,896,AWH,KER,AWH,1,21.2,5,,FALSE,,2-10-2007,
CUIK3-07,898,AWH,KER,AWH,61,198.4,5,,FALSE,,2-10-2007,
CUIK3-07,898,VST,SXX,SVU,2,2.4,1,,FALSE,vuursteen,2-10-2007,
CUIK3-07,899,AWH,KER,AWH,4,17.8,5,,FALSE,,2-10-2007,
CUIK3-07,129,MET,MXX,MFE,1,64,9,,TRUE,,1-10-2007,DROOG
CUIK3-07,1,AWH,KER,AWH,2,28,3,,FALSE,,1-10-2007,
CUIK3-07,2,AWH,KER,AWG,1,4,4,,FALSE,,2-10-2007,
CUIK3-07,3,NS,SXX,SXX,1,1800,2,,FALSE,ARTEFACT,1-10-2007,
CUIK3-07,5,AWG,KER,AWG,2,6,4,,FALSE,,13-12-2007,
CUIK3-07,5,AWH,KER,AWH,1,4,3,,FALSE,,1-10-2007,
CUIK3-07,7,AWG,KER,AWG,1,3,4,,FALSE,,2-10-2007,
CUIK3-07,7,GLS,GLS,GLS,1,2,1,,FALSE,,1-10-2007,
CUIK3-07,14,AWG,KER,AWG,1,6,4,,FALSE,,13-12-2007,
CUIK3-07,14,AWH,KER,AWH,2,5,3,,FALSE,,1-10-2007,
CUIK3-07,15,VST,SXX,SVU,1,3,1,,FALSE,vuursteen,1-10-2007,
CUIK3-07,16,AWH,KER,AWH,2,13,3,,FALSE,,1-10-2007,
CUIK3-07,18,AWG,KER,AWG,1,15,4,,FALSE,,1-10-2007,
CUIK3-07,18,BW,KER,BOUWMAT,3,37,6,,FALSE,,1-10-2007,
CUIK3-07,19,AWG,KER,AWG,2,50,4,,FALSE,,1-10-2007,
CUIK3-07,20,BW,KER,BOUWMAT,80,191,6,,FALSE,,1-10-2007,
CUIK3-07,20,NS,SXX,SXX,3,44,2,,FALSE,ONBEWERKT,1-10-2007,
CUIK3-07,23,AWH,KER,AWH,6,17,3,,FALSE,,1-10-2007,
CUIK3-07,24,NS,SXX,SXX,3,433,2,,FALSE,ONBEWERKT,1-10-2007,
CUIK3-07,26,MET,MXX,MXX,1,2,,afgestoten,FALSE,,1-10-2007,
CUIK3-07,27,AWG,KER,AWG,1,2,4,,FALSE,,1-10-2007,
CUIK3-07,27,MET,MXX,MXX,1,1,,afgestoten,FALSE,,1-10-2007,
CUIK3-07,31,NS,SXX,SXX,2,7,2,,FALSE,ONBEWERKT,1-10-2007,
CUIK3-07,43,AWH,KER,AWH,10,54,3,,FALSE,,1-10-2007,
CUIK3-07,43,VST,SXX,SVU,1,2,1,,FALSE,vuursteen,1-10-2007,
CUIK3-07,48,AWG,KER,AWG,3,2,4,,FALSE,,13-12-2007,
CUIK3-07,48,AWH,KER,AWH,1,2,3,,FALSE,,1-10-2007,
CUIK3-07,52,SLK,MXX,SLAK,1,44,1,,FALSE,,1-10-2007,
CUIK3-07,53,AWH,KER,AWH,8,36,3,,FALSE,,1-10-2007,
CUIK3-07,55,AWH,KER,AWH,11,47,3,,FALSE,,1-10-2007,
CUIK3-07,56,AWH,KER,AWH,7,25,3,,FALSE,,1-10-2007,
CUIK3-07,56,VST,SXX,SVU,1,4,1,,FALSE,vuursteen,1-10-2007,
CUIK3-07,57,AWG,KER,AWG,1,7,4,,FALSE,,2-10-2007,
CUIK3-07,58,AWG,KER,AWG,2,22,4,,FALSE,,1-10-2007,
CUIK3-07,59,AWH,KER,AWH,1,10,3,,FALSE,,1-10-2007,
CUIK3-07,60,AWH,KER,AWH,2,12,3,,FALSE,,1-10-2007,
CUIK3-07,62,AWH,KER,AWH,16,74,3,,FALSE,,1-10-2007,
CUIK3-07,65,AWH,KER,AWH,7,21,3,,FALSE,,1-10-2007,
CUIK3-07,66,AWG,KER,AWG,1,4,4,,FALSE,,13-12-2007,
CUIK3-07,66,AWH,KER,AWH,3,9,3,,FALSE,,1-10-2007,
CUIK3-07,69,AWH,KER,AWH,3,19,3,,FALSE,,1-10-2007,
CUIK3-07,73,NS,SXX,SXX,1,3280,2,,FALSE,ONBEWERKT,1-10-2007,
CUIK3-07,74,AWH,KER,AWH,1,54,3,,FALSE,,1-10-2007,
CUIK3-07,76,AWH,KER,AWH,3,15,3,,FALSE,,1-10-2007,
CUIK3-07,78,AWG,KER,AWG,1,1,4,,FALSE,,2-10-2007,
CUIK3-07,83,AWG,KER,AWG,1,11,4,,FALSE,,1-10-2007,
CUIK3-07,86,AWH,KER,AWH,1,7,3,,FALSE,,1-10-2007,
CUIK3-07,92,AWH,KER,AWH,5,26,3,,FALSE,,1-10-2007,
CUIK3-07,94,AWH,KER,AWH,1,2,3,,FALSE,,1-10-2007,
CUIK3-07,95,AWH,KER,AWH,1,10,3,,FALSE,,1-10-2007,
CUIK3-07,100,BW,KER,BOUWMAT,2,8,6,,FALSE,,1-10-2007,
CUIK3-07,101,AWH,KER,AWH,6,62,3,,FALSE,,1-10-2007,
CUIK3-07,106,AWH,KER,AWH,1,29,3,,FALSE,,1-10-2007,
CUIK3-07,112,AWH,KER,AWH,1,13,3,,FALSE,,1-10-2007,
CUIK3-07,114,NS,SXX,SXX,1,84,2,,FALSE,ONBEWERKT,1-10-2007,
CUIK3-07,119,BW,KER,BOUWMAT,2,14,6,,FALSE,,1-10-2007,
CUIK3-07,123,AWG,KER,AWG,1,2,4,,FALSE,,1-10-2007,
CUIK3-07,127,ZF25,ZF25,ZF25,,,,afgestoten,FALSE,,4-12-2007,
CUIK3-07,128,BW,KER,BOUWMAT,3,33,6,,FALSE,,1-10-2007,
CUIK3-07,130,AWH,KER,AWH,4,30,4,,FALSE,,2-10-2007,
CUIK3-07,131,AWG,KER,AWG,1,7,4,,FALSE,,13-12-2007,
CUIK3-07,131,AWH,KER,AWH,1,3,3,,FALSE,,1-10-2007,
CUIK3-07,132,AWH,KER,AWH,1,9,3,,FALSE,,1-10-2007,
CUIK3-07,133,AWG,KER,AWG,3,43,4,,FALSE,,2-10-2007,
CUIK3-07,134,AWG,KER,AWG,2,10,4,,FALSE,,2-10-2007,
CUIK3-07,142,AWH,KER,AWH,5,16,3,,FALSE,,1-10-2007,
CUIK3-07,142,PIJP,KER,PIJP,1,3,1,,FALSE,,1-10-2007,
CUIK3-07,143,AWG,KER,AWG,1,6,4,,FALSE,,2-10-2007,
CUIK3-07,144,AWH,KER,AWH,2,6,3,,FALSE,,1-10-2007,
CUIK3-07,147,AWG,KER,AWG,4,68,4,,FALSE,,1-10-2007,
CUIK3-07,157,NS,SXX,SXX,1,2,2,,FALSE,ONBEWERKT,1-10-2007,
CUIK3-07,165,HK,FLOT25,FLOT25,5,1,,afgestoten,FALSE,,18-12-2007,
CUIK3-07,169,ZF25,ZF25,ZF25,,,,afgestoten,FALSE,,4-12-2007,
CUIK3-07,179,AWH,KER,AWH,2,7,3,,FALSE,,1-10-2007,
CUIK3-07,180,AWH,KER,AWH,2,4,3,,FALSE,,1-10-2007,
CUIK3-07,180,SLK,MXX,SLAK,1,13,1,,FALSE,,1-10-2007,
CUIK3-07,183,AWH,KER,AWH,1,5,3,,FALSE,,1-10-2007,
CUIK3-07,188,AWG,KER,AWG,5,65,4,,FALSE,,2-10-2007,
CUIK3-07,188,AWH,KER,AWH,5,109,3,,FALSE,,1-10-2007,
CUIK3-07,188,VST,SXX,SVU,1,2,1,,FALSE,vuursteen,1-10-2007,
CUIK3-07,189,MET,MXX,MXX,1,132,,afgestoten,FALSE,,1-10-2007,
CUIK3-07,192,AWG,KER,AWG,24,749,4,,FALSE,,1-10-2007,
CUIK3-07,192,MET,MXX,MXX,1,37,,afgestoten,FALSE,,1-10-2007,
CUIK3-07,193,AWG,KER,AWG,5,122,4,,FALSE,,1-10-2007,
CUIK3-07,194,AWH,KER,AWH,5,102,3,,FALSE,,1-10-2007,
CUIK3-07,195,AWG,KER,AWG,3,16,4,,FALSE,,2-10-2007,
CUIK3-07,200,MET,MXX,MXX,1,26,,afgestoten,FALSE,,1-10-2007,
CUIK3-07,202,AWH,KER,AWH,15,75,3,,FALSE,,1-10-2007,
CUIK3-07,202,NS,SXX,SXX,5,19,2,,FALSE,ONBEWERKT,1-10-2007,
CUIK3-07,203,AWG,KER,AWG,1,8,4,,FALSE,,2-10-2007,
CUIK3-07,208,AWH,KER,AWH,11,82,3,,FALSE,,1-10-2007,
CUIK3-07,216,AWH,KER,AWH,2,20,5,,FALSE,,10-10-2007,
CUIK3-07,220,AWG,KER,AWG,1,2,4,,FALSE,,1-10-2007,
CUIK3-07,225,AWH,KER,AWH,2,59,3,,FALSE,,1-10-2007,
CUIK3-07,227,AWH,KER,AWH,3,25,3,,FALSE,,1-10-2007,
CUIK3-07,228,AWH,KER,AWH,4,12,8,,FALSE,,1-10-2007,
CUIK3-07,234,AWH,KER,AWH,2,14,3,,FALSE,,1-10-2007,
CUIK3-07,237,AWG,KER,AWG,2,14,4,,FALSE,,1-10-2007,
CUIK3-07,239,BW,KER,BOUWMAT,2,57,6,,FALSE,,1-10-2007,
CUIK3-07,255,AWG,KER,AWG,9,191,4,,FALSE,,1-10-2007,
CUIK3-07,255,AWH,KER,AWH,1,41,3,,FALSE,,1-10-2007,
CUIK3-07,256,AWG,KER,AWG,1,29,4,,FALSE,,2-10-2007,
CUIK3-07,268,BW,KER,BOUWMAT,1,5,6,,FALSE,,1-10-2007,
CUIK3-07,269,AWH,KER,AWH,3,33,4,,FALSE,,2-10-2007,
CUIK3-07,273,AWH,KER,AWH,2,8,3,,FALSE,,1-10-2007,
CUIK3-07,277,AWH,KER,AWH,9,35,3,,FALSE,,1-10-2007,
CUIK3-07,281,AWH,KER,AWH,1,6,3,,FALSE,,1-10-2007,
CUIK3-07,284,AWH,KER,AWH,3,14,3,,FALSE,,1-10-2007,
CUIK3-07,290,AWH,KER,AWH,1,2,3,,FALSE,,1-10-2007,
CUIK3-07,292,AWH,KER,AWH,2,9,3,,FALSE,,1-10-2007,
CUIK3-07,293,AWH,KER,AWH,1,6,3,,FALSE,,1-10-2007,
CUIK3-07,295,AWH,KER,AWG,60,210,3,,FALSE,,13-12-2007,
CUIK3-07,295,BT,OXX,OXB,40,10,3,Van Crematie Monster,FALSE,zit bij aardewerkzak in,13-12-2007,
CUIK3-07,295,HK,OXX,oph,10,2,1,,FALSE,,13-12-2007,
CUIK3-07,296,AWH,KER,AWG,6,100,3,,FALSE,,13-12-2007,
CUIK3-07,296,HK,OXX,oph,5,1,1,,FALSE,,13-12-2007,
CUIK3-07,297,ZF25,ZF25,ZF25,,,,afgestoten,FALSE,,4-12-2007,
CUIK3-07,298,AWH,KER,AWH,2,8,3,,FALSE,,1-10-2007,
CUIK3-07,301,AWH,KER,AWH,27,117,8,,FALSE,,1-10-2007,
CUIK3-07,301,NS,SXX,SXX,1,294,2,,FALSE,ONBEWERKT,1-10-2007,
CUIK3-07,305,NS,SXX,SXX,1,92,2,,FALSE,ONBEWERKT,1-10-2007,
CUIK3-07,308,AWG,KER,AWG,1,15,4,,FALSE,,1-10-2007,
CUIK3-07,309,AWH,KER,AWH,2,10,3,,FALSE,,1-10-2007,
CUIK3-07,315,AWG,KER,AWG,6,183,4,,FALSE,,1-10-2007,
CUIK3-07,316,AWG,KER,AWG,1,5,4,,FALSE,,1-10-2007,
CUIK3-07,318,BT,OXX,OXB,200,770,1,,FALSE,,1-10-2007,
CUIK3-07,321,AWH,KER,AWH,1,111,3,,FALSE,,1-10-2007,
CUIK3-07,323,AWG,KER,AWG,10,616,4,,FALSE,,1-10-2007,
CUIK3-07,324,AWG,KER,AWG,7,113,4,,FALSE,,1-10-2007,
CUIK3-07,325,AWH,KER,AWH,2,13,5,,FALSE,,2-10-2007,
CUIK3-07,334,AWH,KER,AWH,1,35,5,,FALSE,,2-10-2007,
CUIK3-07,336,AWH,KER,AWH,12,40,5,,FALSE,,2-10-2007,
CUIK3-07,337,AWH,KER,AWH,16,59,5,,FALSE,,2-10-2007,
CUIK3-07,339,AWH,KER,AWH,6,24,5,,FALSE,,2-10-2007,
CUIK3-07,345,AWH,KER,AWH,2,12,5,,FALSE,,2-10-2007,
CUIK3-07,348,AWG,KER,AWG,2,33,4,,FALSE,,2-10-2007,
CUIK3-07,351,HK,OXX,oph,20,,,afgestoten,FALSE,MONSTER,1-10-2007,
CUIK3-07,352,NS,SXX,SXX,1,22,7,,FALSE,ONBEWERKT,2-10-2007,
CUIK3-07,358,AWH,KER,AWH,1,2,5,,FALSE,,2-10-2007,
CUIK3-07,361,AWH,KER,AWH,1,6,5,,FALSE,,2-10-2007,
CUIK3-07,369,VKL,KER,huttelm,13,21,1,,FALSE,,2-10-2007,
CUIK3-07,372,AWH,KER,AWH,10,36,5,,FALSE,,2-10-2007,
CUIK3-07,373,NS,SXX,SXX,1,4,7,,FALSE,ONBEWERKT,2-10-2007,
CUIK3-07,378,AWH,KER,AWH,2,8,5,,FALSE,,2-10-2007,
CUIK3-07,380,AWH,KER,AWH,1,3,5,,FALSE,,2-10-2007,
CUIK3-07,381,AWH,KER,AWH,1,10,5,,FALSE,,2-10-2007,
CUIK3-07,382,AWH,KER,AWH,1,10,5,,FALSE,,2-10-2007,
CUIK3-07,387,AWH,KER,AWH,3,19,5,,FALSE,,2-10-2007,
CUIK3-07,387,MET,MXX,MXX,1,32,,afgestoten,FALSE,,2-10-2007,
CUIK3-07,387,NS,SXX,SXX,3,32,7,,FALSE,ONBEWERKT,2-10-2007,
CUIK3-07,387,VST,SXX,SVU,3,45,1,,FALSE,vuursteen,2-10-2007,
CUIK3-07,392,AWG,KER,AWG,2,8,5,,FALSE,,7-1-2008,
CUIK3-07,392,AWH,KER,AWH,2,8,5,,FALSE,,2-10-2007,
CUIK3-07,394,VKL,KER,huttelm,6,85,1,,FALSE,,2-10-2007,
CUIK3-07,395,AWH,KER,AWH,1,11,5,,FALSE,,2-10-2007,
CUIK3-07,397,AWH,KER,AWH,4,33,5,,FALSE,,2-10-2007,
CUIK3-07,397,MET,MXX,MXX,1,11,,afgestoten,FALSE,,2-10-2007,
CUIK3-07,399,AWH,KER,AWH,1,17,5,,FALSE,,2-10-2007,
CUIK3-07,401,AWH,KER,AWH,1,2,3,,FALSE,,1-10-2007,
CUIK3-07,405,AWG,KER,AWG,1,19,4,,FALSE,,2-10-2007,
CUIK3-07,409,AWH,KER,AWH,2,5,4,,FALSE,,2-10-2007,
CUIK3-07,413,AWH,KER,AWH,1,4,3,,FALSE,,1-10-2007,
CUIK3-07,415,AWH,KER,AWH,1,6,3,,FALSE,,1-10-2007,
CUIK3-07,420,NS,SXX,SXX,1,15,2,,FALSE,ONBEWERKT,1-10-2007,
CUIK3-07,423,AWH,KER,AWH,5,38,3,,FALSE,,1-10-2007,
CUIK3-07,429,AWH,KER,AWH,1,2,3,,FALSE,,1-10-2007,
CUIK3-07,438,AWH,KER,AWH,7,45,3,,FALSE,,1-10-2007,
CUIK3-07,442,AWH,KER,AWH,1,14,3,,FALSE,,1-10-2007,
CUIK3-07,444,AWH,KER,AWH,6,121,3,,FALSE,,1-10-2007,
CUIK3-07,446,AWH,KER,AWH,1,6,3,,FALSE,,1-10-2007,
CUIK3-07,448,AWH,KER,AWH,3,44,3,,FALSE,,1-10-2007,
CUIK3-07,449,AWH,KER,AWH,5,287,8,,FALSE,,1-10-2007,
CUIK3-07,451,AWG,KER,AWG,1,10,4,,FALSE,,10-10-2007,
CUIK3-07,453,AWH,KER,AWH,1,5,5,,FALSE,,10-10-2007,
CUIK3-07,456,AWH,KER,AWH,2,11,3,,FALSE,,1-10-2007,
CUIK3-07,458,AWG,KER,AWG,5,74,4,,FALSE,,1-10-2007,
CUIK3-07,459,AWH,KER,AWH,13,53,3,,FALSE,,1-10-2007,
CUIK3-07,463,VST,SXX,SVU,1,21,1,,FALSE,vuursteen,1-10-2007,
CUIK3-07,464,BW,KER,BOUWMAT,1,3,6,,FALSE,,1-10-2007,
CUIK3-07,468,AWH,KER,AWH,27,159,8,,FALSE,,1-10-2007,
CUIK3-07,472,AWH,KER,AWH,4,5,3,,FALSE,,1-10-2007,
CUIK3-07,473,AWH,KER,AWH,2,7,3,,FALSE,,1-10-2007,
CUIK3-07,477,AWH,KER,AWH,1,5,3,,FALSE,,1-10-2007,
CUIK3-07,481,KER,KER,KER,2,342,8,,FALSE,,1-10-2007,
CUIK3-07,484,AWH,KER,AWH,1,5,3,,FALSE,,1-10-2007,
CUIK3-07,487,ZF25,ZF25,ZF25,,,,afgestoten,FALSE,,4-12-2007,
CUIK3-07,488,AWH,KER,AWH,1,4,3,,FALSE,,1-10-2007,
CUIK3-07,495,AWH,KER,AWH,1,3,3,,FALSE,,1-10-2007,
CUIK3-07,497,AWH,KER,AWH,1,4,3,,FALSE,,1-10-2007,
CUIK3-07,637,AWH,KER,AWH,1,1,3,,FALSE,,1-10-2007,
CUIK3-07,644,AWG,KER,AWG,1,15,4,,FALSE,,1-10-2007,
CUIK3-07,646,AWH,KER,AWH,2,438,3,,FALSE,,1-10-2007,
CUIK3-07,648,ZF25,ZF25,ZF25,,,,afgestoten,FALSE,,4-12-2007,
CUIK3-07,653,AWH,KER,AWH,2,10,3,,FALSE,,1-10-2007,
CUIK3-07,653,VST,SXX,SVU,1,7,1,,FALSE,vuursteen,1-10-2007,
CUIK3-07,662,AWG,KER,AWG,1,6,4,,FALSE,,13-12-2007,
CUIK3-07,662,AWH,KER,AWH,4,4,3,,FALSE,,1-10-2007,
CUIK3-07,667,NS,SXX,SXX,1,1061,2,,FALSE,ONBEWERKT,1-10-2007,
CUIK3-07,670,AWH,KER,AWH,50,138,3,,FALSE,,1-10-2007,
CUIK3-07,670,VST,SXX,SVU,1,5,1,,FALSE,vuursteen,1-10-2007,
CUIK3-07,671,AWH,KER,AWH,2,61,3,,FALSE,,1-10-2007,
CUIK3-07,673,AWH,KER,AWH,25,117,3,,FALSE,,1-10-2007,
CUIK3-07,673,PIJP,KER,PIJP,1,4,1,,FALSE,,1-10-2007,
CUIK3-07,673,SLK,MXX,SLAK,1,16,1,,FALSE,,1-10-2007,
CUIK3-07,676,NS,SXX,SXX,1,652,2,,FALSE,ONBEWERKT,1-10-2007,
CUIK3-07,679,AWH,KER,AWH,30,83,3,,FALSE,,1-10-2007,
CUIK3-07,680,NS,SXX,SXX,1,31,2,,FALSE,ONBEWERKT,1-10-2007,
CUIK3-07,687,AWH,KER,AWH,2,9,3,,FALSE,,1-10-2007,
CUIK3-07,688,AWH,KER,AWH,1,12,3,,FALSE,,1-10-2007,
CUIK3-07,694,AWH,KER,AWH,2,6,3,,FALSE,,1-10-2007,
CUIK3-07,696,AWH,KER,AWH,3,11,3,,FALSE,,1-10-2007,
CUIK3-07,703,AWH,KER,AWH,3,28,3,,FALSE,,1-10-2007,
CUIK3-07,709,NS,SXX,SXX,1,157,2,,FALSE,ONBEWERKT,1-10-2007,
CUIK3-07,711,AWG,KER,AWG,5,95,4,,FALSE,,1-10-2007,
CUIK3-07,712,AWG,KER,AWG,2,53,4,,FALSE,,1-10-2007,
CUIK3-07,716,MET,MXX,MXX,1,518,,afgestoten,FALSE,,18-9-2007,
CUIK3-07,720,AWH,KER,AWH,1,3,3,,FALSE,,1-10-2007,
CUIK3-07,723,AWH,KER,AWH,5,18,3,,FALSE,,1-10-2007,
CUIK3-07,727,ZF25,ZF25,ZF25,,,,afgestoten,FALSE,,4-12-2007,
CUIK3-07,728,AWH,KER,AWH,1,5,3,,FALSE,,1-10-2007,
CUIK3-07,729,AWH,KER,AWH,1,12,3,,FALSE,,1-10-2007,
CUIK3-07,731,NS,SXX,SXX,1,37,2,,FALSE,ONBEWERKT,1-10-2007,
CUIK3-07,733,AWH,KER,AWH,25,262,3,,FALSE,,1-10-2007,
CUIK3-07,738,AWH,KER,AWH,3,6,3,,FALSE,,1-10-2007,
CUIK3-07,739,AWG,KER,AWG,1,3,4,,FALSE,,1-10-2007,
CUIK3-07,745,AWH,KER,AWH,35,335,8,,FALSE,,1-10-2007,
CUIK3-07,745,NS,SXX,SXX,3,54,2,,FALSE,ONBEWERKT,1-10-2007,
CUIK3-07,746,VST,SXX,SVU,1,3,1,,FALSE,vuursteen,1-10-2007,
CUIK3-07,747,AWG,KER,AWG,1,18,4,,FALSE,,1-10-2007,
CUIK3-07,751,AWG,KER,AWG,2,22,4,,FALSE,,1-10-2007,
CUIK3-07,751,AWH,KER,AWH,35,219,4,,FALSE,,1-10-2007,
CUIK3-07,753,AWG,KER,AWG,12,415,4,,FALSE,,2-10-2007,
CUIK3-07,753,AWH,KER,AWH,6,1004,3,,FALSE,,1-10-2007,
CUIK3-07,762,AWH,KER,AWH,5,4,3,,FALSE,,1-10-2007,
CUIK3-07,763,AWH,KER,AWH,1,16,3,,FALSE,,1-10-2007,
CUIK3-07,764,AWH,KER,AWH,3,6,3,,FALSE,,1-10-2007,
CUIK3-07,765,AWH,KER,AWH,28,68,3,,FALSE,,1-10-2007,
CUIK3-07,768,AWH,KER,AWH,3,12,3,,FALSE,,1-10-2007,
CUIK3-07,771,AWH,KER,AWH,11,48,3,,FALSE,,1-10-2007,
CUIK3-07,775,BT,OXX,OXB,1,2,1,,FALSE,,2-10-2007,
CUIK3-07,775,HK,OXX,OPH,1,2,,afgestoten,FALSE,,2-10-2007,
CUIK3-07,775,NS,SXX,SXX,3,11,7,,FALSE,ONBEWERKT,2-10-2007,
CUIK3-07,781,AWH,KER,AWH,1,13,5,,FALSE,,2-10-2007,
CUIK3-07,782,AWH,KER,AWH,1,71,5,,FALSE,,2-10-2007,
CUIK3-07,784,AWG,KER,AWG,3,19,4,,FALSE,,10-10-2007,
CUIK3-07,785,AWH,KER,AWH,2,14,5,,FALSE,,2-10-2007,
CUIK3-07,786,AWG,KER,AWG,1,16,4,,FALSE,,2-10-2007,
CUIK3-07,789,AWG,KER,AWG,1,11,5,,FALSE,,7-1-2008,
CUIK3-07,791,AWG,KER,AWG,2,16,5,,FALSE,,7-1-2008,
CUIK3-07,793,AWG,KER,AWG,2,42,4,,FALSE,,2-10-2007,
CUIK3-07,793,MET,MXX,MXX,1,59,,afgestoten,FALSE,,2-10-2007,
CUIK3-07,793,NS,SXX,SXX,1,20,7,,FALSE,ONBEWERKT,2-10-2007,
CUIK3-07,796,AWG,KER,AWG,1,6,4,,FALSE,,10-10-2007,
CUIK3-07,800,AWH,KER,AWH,4,7,5,,FALSE,,2-10-2007,
CUIK3-07,806,AWH,KER,AWH,1,3,5,,FALSE,,2-10-2007,
CUIK3-07,807,AWH,KER,AWH,2,9,5,,FALSE,,2-10-2007,
CUIK3-07,808,AWH,KER,AWH,2,17,5,,FALSE,,2-10-2007,
CUIK3-07,814,VST,SXX,SVU,1,5,1,,FALSE,vuursteen,2-10-2007,
CUIK3-07,815,AWH,KER,AWH,26,315,5,,FALSE,,2-10-2007,
CUIK3-07,818,VST,SXX,SVU,1,5,1,,FALSE,vuursteen,10-10-2007,
CUIK3-07,820,NS,SXX,SXX,2,75,7,,FALSE,ONBEWERKT,2-10-2007,
CUIK3-07,828,MET,MXX,MXX,1,21,,afgestoten,FALSE,,2-10-2007,
CUIK3-07,829,MET,MXX,MXX,1,10,,afgestoten,FALSE,,2-10-2007,
CUIK3-07,834,AWH,KER,AWH,2,4,5,,FALSE,,2-10-2007,
CUIK3-07,835,NS,SXX,SXX,1,5,7,,FALSE,ONBEWERKT,2-10-2007,
CUIK3-07,836,AWH,KER,AWH,7,10,5,,FALSE,,2-10-2007,
CUIK3-07,840,AWH,KER,AWH,3,8,5,,FALSE,,2-10-2007,
CUIK3-07,843,AWH,KER,AWH,2,18,5,,FALSE,,2-10-2007,
CUIK3-07,843,MET,MXX,MXX,7,44,,afgestoten,FALSE,,2-10-2007,
CUIK3-07,861,AWH,KER,AWH,2,5,5,,FALSE,,2-10-2007,
CUIK3-07,864,AWG,KER,AWG,2,25,4,,FALSE,,2-10-2007,
CUIK3-07,865,AWH,KER,AWH,1,23,5,,FALSE,,2-10-2007,
CUIK3-07,866,AWG,KER,AWG,14,380,4,,FALSE,,2-10-2007,
CUIK3-07,866,BW,KER,BOUWMAT,15,1010,6,,FALSE,,2-10-2007,
CUIK3-07,869,MET,MXX,MXX,2,20,,afgestoten,FALSE,,2-10-2007,
CUIK3-07,873,AWG,KER,AWG,1,9,4,,FALSE,,10-10-2007,
CUIK3-07,874,AWG,KER,AWG,2,7,4,,FALSE,,2-10-2007,
CUIK3-07,881,AWH,KER,AWH,9,58,5,,FALSE,,2-10-2007,
CUIK3-07,886,BW,KER,BOUWMAT,1,216,6,,FALSE,,2-10-2007,
CUIK3-07,887,VKL,KER,huttelm,3,15,1,,FALSE,,2-10-2007,
CUIK3-07,894,AWH,KER,AWH,1,28,5,,FALSE,,2-10-2007,
CUIK3-07,896,BT,OXX,OXB,12,314,1,,FALSE,,2-10-2007,
CUIK3-07,897,ZF25,ZF25,ZF25,,,,afgestoten,FALSE,,4-12-2007,
CUIK3-07,899,NS,SXX,SXX,1,45,7,,FALSE,ONBEWERKT,2-10-2007,
CUIK3-07,900,AWH,KER,AWH,5,8,5,,FALSE,,10-10-2007,
CUIK3-07,902,AWG,KER,AWG,3,18,4,,FALSE,,10-10-2007,
CUIK3-07,904,AWG,KER,AWG,1,8,4,,FALSE,,10-10-2007,
CUIK3-07,907,AWG,KER,AWG,1,143,4,,FALSE,,10-10-2007,
CUIK3-07,912,AWH,KER,AWH,2,4,5,,FALSE,,10-10-2007,
CUIK3-07,913,AWH,KER,AWH,1,54,5,,FALSE,,10-10-2007,
CUIK3-07,919,AWH,KER,AWH,3,43,5,,FALSE,,10-10-2007,
CUIK3-07,922,AWH,KER,AWH,1,6,5,,FALSE,,10-10-2007,
CUIK3-07,927,AWH,KER,AWH,1,5,5,,FALSE,,10-10-2007,
CUIK3-07,929,AWH,KER,AWH,5,17,5,,FALSE,,10-10-2007,
CUIK3-07,941,AWH,KER,AWH,70,1245,8,,FALSE,,10-10-2007,
CUIK3-07,943,SLK,MXX,SLAK,9,11,,afgestoten,FALSE,,10-10-2007,
CUIK3-07,956,NS,SXX,SXX,1,9,7,,FALSE,ONBEWERKT,10-10-2007,
CUIK3-07,962,AWH,KER,AWH,1,10,5,,FALSE,,10-10-2007,
CUIK3-07,969,NS,SXX,SXX,1,1,7,,FALSE,ONBEWERKT,10-10-2007,
CUIK3-07,974,NS,SXX,SXX,2,131,7,,FALSE,ONBEWERKT,10-10-2007,
CUIK3-07,976,MET,MXX,MXX,1,3,,afgestoten,FALSE,,10-10-2007,
CUIK3-07,991,BW,KER,BOUWMAT,1,266,6,,FALSE,,10-10-2007,
CUIK3-07,992,AWH,KER,AWH,2,9,5,,FALSE,,10-10-2007,
CUIK3-07,993,NS,SXX,SXX,2,7,7,,FALSE,ONBEWERKT,10-10-2007,
CUIK3-07,998,AWH,KER,AWH,1,13,5,,FALSE,,10-10-2007,
CUIK3-07,1002,BW,KER,BOUWMAT,1,5,6,,FALSE,,10-10-2007,
CUIK3-07,1004,AWH,KER,AWH,2,4,5,,FALSE,,10-10-2007,
CUIK3-07,1011,AWH,KER,AWH,7,76,3,,FALSE,,12-10-2007,
CUIK3-07,1011,BW,KER,BOUWMAT,4,27,6,,FALSE,,12-10-2007,
CUIK3-07,1020,AWH,KER,AWH,2,15,5,,FALSE,,10-10-2007,
CUIK3-07,1020,VST,SXX,SVU,1,22,1,,FALSE,vuursteen,10-10-2007,
CUIK3-07,1025,NS,SXX,SXX,3,10,7,,FALSE,ONBEWERKT,10-10-2007,
CUIK3-07,1031,AWH,KER,AWH,4,25,5,,FALSE,,10-10-2007,
CUIK3-07,1043,AWH,KER,AWH,1,4,5,,FALSE,,10-10-2007,
CUIK3-07,1044,AWH,KER,AWH,38,136,5,,FALSE,,10-10-2007,
CUIK3-07,1047,ZF25,ZF25,ZF25,,,,afgestoten,FALSE,,4-12-2007,
CUIK3-07,1050,AWH,KER,AWH,2,18,5,,FALSE,,10-10-2007,
CUIK3-07,1060,AWH,KER,AWH,1,9,5,,FALSE,,10-10-2007,
CUIK3-07,1061,AWH,KER,AWH,4,26,5,,FALSE,,10-10-2007,
CUIK3-07,1066,AWH,KER,AWH,3,10,5,,FALSE,,10-10-2007,
CUIK3-07,1069,AWH,KER,AWH,58,322,5,,FALSE,,10-10-2007,
CUIK3-07,1077,AWH,KER,AWH,33,165,5,,FALSE,,10-10-2007,
CUIK3-07,1078,AWG,KER,AWG,2,14,4,,FALSE,,10-10-2007,
CUIK3-07,1078,BW,KER,BOUWMAT,1,16,6,,FALSE,,10-10-2007,
CUIK3-07,1082,AWG,KER,AWG,1,2,4,,FALSE,,10-10-2007,
CUIK3-07,1083,AWH,KER,AWH,7,9,5,,FALSE,,10-10-2007,
CUIK3-07,1086,ZF25,ZF25,ZF25,,,,afgestoten,FALSE,,4-12-2007,
CUIK3-07,1087,ZF25,ZF25,ZF25,,,,afgestoten,FALSE,,4-12-2007,
