"OPGR_ID","VONDSTNR","INHOUD","ABR_ALG","ABR_SPECSVU","AANTAL","GEWICHT","DOOSNR","LOKATIE","BEWAARD?","OPMERKING","INVDATUM","BEWAARCATEGORIE"
"CUIK3-07",1,"awh","KER","AWH",2,28,"3",,False,,1-10-2007,
"CUIK3-07",1,"VST","SXX","SVU",1,40,4,"1",,False,"vuursteen",1-10-2007,
"CUIK3-07",2,"awh","ker","awg",1,4,"4",,False,,2-10-2007,
"CUIK3-07",3,"NS","SXX","SXX",1,1800,"2",,False,"ARTEFACT",1-10-2007,
"CUIK3-07",4,"awh","KER","AWH",3,6,2,"3",,False,,1-10-2007,
"CUIK3-07",5,"AWG","KER","AWG",2,6,"4",,False,,13-12-2007,
"CUIK3-07",5,"awh","KER","AWH",1,4,"3",,False,,1-10-2007,
"CUIK3-07",6,"AWG","ker","awg",4,116,4,"4",,False,,2-10-2007,
"CUIK3-07",6,"awh","KER","AWH",11,23,8,"3",,False,,1-10-2007,
"CUIK3-07",6,"VST","SXX","SVU",1,2,2,"1",,False,"vuursteen",1-10-2007,
"CUIK3-07",7,"awg","ker","awg",1,3,"4",,False,,2-10-2007,
"CUIK3-07",7,"awh","ker","awh",3,19,8,"3",,False,,1-10-2007,
"CUIK3-07",7,"BW","KER","BOUWMAT",1,165,2,"6",,False,,1-10-2007,
"CUIK3-07",7,"GLS","GLS","GLS",1,2,"1",,False,,1-10-2007,
"CUIK3-07",7,"NS","SXX","SXX",1,2,4,"2",,False,"ONBEWERKT",1-10-2007,
"CUIK3-07",8,"awg","ker","awg",5,27,6,"4",,False,,2-10-2007,
"CUIK3-07",8,"awh","ker","AWH",6,49,6,"4",,False,,2-10-2007,
"CUIK3-07",9,"awg","ker","awg",5,42,8,"4",,False,,2-10-2007,
"CUIK3-07",9,"awh","ker","AWH",6,23,4,"4",,False,,2-10-2007,
"CUIK3-07",9,"BW","KER","BOUWMAT",2,36,1,"6",,False,,1-10-2007,
"CUIK3-07",10,"awh","ker","awh",11,35,4,"3",,False,,1-10-2007,
"CUIK3-07",11,"awg","ker","awg",1,4,8,"4",,False,,1-10-2007,
"CUIK3-07",11,"awh","ker","awh",4,30,4,"3",,False,,1-10-2007,
"CUIK3-07",12,"awg","ker","awg",3,4,8,"4",,False,,1-10-2007,
"CUIK3-07",12,"AWH","ker","awh",5,41,8,"3",,False,,1-10-2007,
"CUIK3-07",13,"awh","ker","awh",5,24,4,"3",,False,,1-10-2007,
"CUIK3-07",13,"NS","SXX","SXX",1,28,4,"2",,False,"ONBEWERKT",1-10-2007,
"CUIK3-07",13,"VST","SXX","SVU",1,4,6,"1",,False,"vuursteen",1-10-2007,
"CUIK3-07",14,"AWG","KER","AWG",1,6,"4",,False,,13-12-2007,
"CUIK3-07",14,"awh","ker","awh",2,5,"3",,False,,1-10-2007,
"CUIK3-07",14,"BW","KER","BOUWMAT",1,26,8,"6",,False,,1-10-2007,
"CUIK3-07",15,"awh","ker","awh",1,10,2,"3",,False,,1-10-2007,
"CUIK3-07",15,"VST","SXX","SVU",1,3,"1",,False,"vuursteen",1-10-2007,
"CUIK3-07",16,"awh","KER","AWH",2,13,"3",,False,,1-10-2007,
"CUIK3-07",17,"awh","KER","AWH",4,19,4,"3",,False,,1-10-2007,
"CUIK3-07",18,"awg","ker","awg",1,15,"4",,False,,1-10-2007,
"CUIK3-07",18,"BW","KER","BOUWMAT",3,37,"6",,False,,1-10-2007,
"CUIK3-07",19,"awg","ker","awg",2,50,"4",,False,,1-10-2007,
"CUIK3-07",19,"awh","ker","AWH",5,49,4,"4",,False,,2-10-2007,
"CUIK3-07",20,"awh","KER","AWH",1,4,2,"3",,False,,1-10-2007,
"CUIK3-07",20,"BW","KER","BOUWMAT",80,191,"6",,False,,1-10-2007,
"CUIK3-07",20,"NS","SXX","SXX",3,44,"2",,False,"ONBEWERKT",1-10-2007,
"CUIK3-07",21,"awh","KER","AWH",3,33,2,"3",,False,,1-10-2007,
"CUIK3-07",22,"awg","ker","awg",1,144,6,"4",,False,,1-10-2007,
"CUIK3-07",23,"awh","KER","AWH",6,17,"3",,False,,1-10-2007,
"CUIK3-07",23,"NS","SXX","SXX",1,2,8,"2",,False,"ONBEWERKT",1-10-2007,
"CUIK3-07",24,"awh","KER","AWH",6,20,4,"3",,False,,1-10-2007,
"CUIK3-07",24,"NS","SXX","SXX",3,433,"2",,False,"ONBEWERKT",1-10-2007,
"CUIK3-07",25,"awh","KER","AWH",2,10,2,"3",,False,,1-10-2007,
"CUIK3-07",26,"awh","KER","AWH",16,52,3,"3",,False,,1-10-2007,
"CUIK3-07",26,"BW","KER","BOUWMAT",1,5,5,"6",,False,,1-10-2007,
"CUIK3-07",26,"MET","MXX","MXX",1,2,,"afgestoten",False,,1-10-2007,
"CUIK3-07",26,"VST","SXX","SVU",1,3,6,"1",,False,"vuursteen",1-10-2007,
"CUIK3-07",27,"awg","ker","awg",1,2,"4",,False,,1-10-2007,
"CUIK3-07",27,"BW","KER","BOUWMAT",2,18,2,"6",,False,,1-10-2007,
"CUIK3-07",27,"MET","MXX","MXX",1,1,,"afgestoten",False,,1-10-2007,
"CUIK3-07",28,"MET","MXX","MXX",1,6,6,,"afgestoten",False,,1-10-2007,
"CUIK3-07",29,"awg","ker","awg",2,16,6,"4",,False,,2-10-2007,
"CUIK3-07",30,"awh","KER","AWH",2,3,6,"3",,False,,1-10-2007,
"CUIK3-07",31,"awh","ker","awh",3,12,6,"3",,False,,1-10-2007,
"CUIK3-07",31,"NS","SXX","SXX",2,7,"2",,False,"ONBEWERKT",1-10-2007,
"CUIK3-07",32,"awh","ker","awh",5,25,8,"3",,False,,1-10-2007,
"CUIK3-07",32,"SLK","MXX","SLAK",1,8,2,"1",,False,,1-10-2007,
"CUIK3-07",33,"awg","ker","awg",1,3,7,"4",,False,,1-10-2007,
"CUIK3-07",33,"awh","KER","AWH",2,4,7,"3",,False,,1-10-2007,
"CUIK3-07",34,"awh","KER","AWH",3,8,2,"3",,False,,1-10-2007,
"CUIK3-07",35,"awg","ker","awg",1,5,2,"4",,False,,1-10-2007,
"CUIK3-07",35,"awh","ker","awh",10,28,8,"3",,False,,1-10-2007,
"CUIK3-07",36,"awh","KER","AWH",3,11,2,"3",,False,,1-10-2007,
"CUIK3-07",37,"awg","ker","awg",1,3,6,"4",,False,,2-10-2007,
"CUIK3-07",38,"awh","ker","awh",16,71,4,"3",,False,,1-10-2007,
"CUIK3-07",39,"awh","ker","awh",4,19,2,"3",,False,,1-10-2007,
"CUIK3-07",40,"awh","ker","awh",9,39,4,"3",,False,,1-10-2007,
"CUIK3-07",41,"awh","KER","AWH",4,38,8,"3",,False,,1-10-2007,
"CUIK3-07",42,"awh","KER","AWH",2,47,8,"3",,False,,1-10-2007,
"CUIK3-07",43,"awh","ker","awh",10,54,"3",,False,,1-10-2007,
"CUIK3-07",43,"NS","SXX","SXX",2,38,6,"2",,False,"ONBEWERKT",1-10-2007,
"CUIK3-07",43,"VST","SXX","SVU",1,2,"1",,False,"vuursteen",1-10-2007,
"CUIK3-07",44,"awh","KER","AWH",36,101,8,"3",,False,,1-10-2007,
"CUIK3-07",45,"BW","KER","BOUWMAT",1,74,8,"6",,False,,1-10-2007,
"CUIK3-07",46,"awh","ker","awh",5,22,5,"3",,False,,1-10-2007,
"CUIK3-07",47,"awg","ker","awg",1,33,6,"4",,False,,1-10-2007,
"CUIK3-07",47,"BW","KER","BOUWMAT",1,143,1,"6",,False,,1-10-2007,
"CUIK3-07",48,"AWG","KER","AWG",3,2,"4",,False,,13-12-2007,
"CUIK3-07",48,"awh","ker","awh",1,2,"3",,False,,1-10-2007,
"CUIK3-07",49,"awg","ker","awg",1,2,8,"4",,False,,2-10-2007,
"CUIK3-07",50,"awh","ker","awh",3,11,2,"3",,False,,1-10-2007,
"CUIK3-07",51,"awh","KER","AWH",1,5,2,"3",,False,,1-10-2007,
"CUIK3-07",52,"awg","ker","awg",4,52,4,"4",,False,,1-10-2007,
"CUIK3-07",52,"SLK","MXX","SLAK",1,44,"1",,False,,1-10-2007,
"CUIK3-07",53,"awh","ker","awh",8,36,"3",,False,,1-10-2007,
"CUIK3-07",54,"awh","ker","awh",8,30,2,"3",,False,,1-10-2007,
"CUIK3-07",55,"awh","KER","AWH",11,47,"3",,False,,1-10-2007,
"CUIK3-07",56,"awh","ker","awh",7,25,"3",,False,,1-10-2007,
"CUIK3-07",56,"VST","SXX","SVU",1,4,"1",,False,"vuursteen",1-10-2007,
"CUIK3-07",57,"awg","ker","awg",1,7,"4",,False,,2-10-2007,
"CUIK3-07",58,"awg","ker","awg",2,22,"4",,False,,1-10-2007,
"CUIK3-07",59,"awh","KER","AWH",1,10,"3",,False,,1-10-2007,
"CUIK3-07",60,"awg","ker","awg",1,24,6,"4",,False,,2-10-2007,
"CUIK3-07",60,"awh","ker","awh",2,12,"3",,False,,1-10-2007,
"CUIK3-07",61,"awh","ker","awh",4,29,6,"3",,False,,1-10-2007,
"CUIK3-07",62,"awg","ker","awg",2,11,6,"4",,False,,1-10-2007,
"CUIK3-07",62,"awh","ker","awh",16,74,"3",,False,,1-10-2007,
"CUIK3-07",63,"awg","ker","awg",2,6,4,"4",,False,,2-10-2007,
"CUIK3-07",64,"awh","KER","AWH",1,2,2,"3",,False,,1-10-2007,
"CUIK3-07",65,"awh","ker","awh",7,21,"3",,False,,1-10-2007,
"CUIK3-07",65,"NS","SXX","SXX",2,17,6,"2",,False,"ONBEWERKT",1-10-2007,
"CUIK3-07",66,"AWG","KER","AWG",1,4,"4",,False,,13-12-2007,
"CUIK3-07",66,"awh","ker","awh",3,9,"3",,False,,1-10-2007,
"CUIK3-07",66,"NS","SXX","SXX",1,5,4,"2",,False,"ONBEWERKT",1-10-2007,
"CUIK3-07",67,"awg","ker","awg",1,2,2,"4",,False,,1-10-2007,
"CUIK3-07",67,"awh","ker","awh",12,72,8,"3",,False,,1-10-2007,
"CUIK3-07",68,"awh","KER","AWH",6,30,4,"3",,False,,1-10-2007,
"CUIK3-07",69,"awg","ker","awg",1,7,6,"4",,False,,1-10-2007,
"CUIK3-07",69,"awh","ker","awh",3,19,"3",,False,,1-10-2007,
"CUIK3-07",70,"BW","KER","BOUWMAT",1,37,6,"6",,False,,1-10-2007,
"CUIK3-07",72,"NS","SXX","SXX",2,2,4,"2",,False,"ONBEWERKT",1-10-2007,
"CUIK3-07",73,"NS","SXX","SXX",1,3280,"2",,False,"ONBEWERKT",1-10-2007,
"CUIK3-07",74,"awg","ker","awg",1,1,6,"4",,False,,2-10-2007,
"CUIK3-07",74,"awh","KER","AWH",1,54,"3",,False,,1-10-2007,
"CUIK3-07",75,"awh","ker","awh",3,15,6,"3",,False,,1-10-2007,
"CUIK3-07",76,"awh","ker","awh",3,15,"3",,False,,1-10-2007,
"CUIK3-07",77,"awg","ker","awg",2,9,4,"4",,False,,2-10-2007,
"CUIK3-07",78,"awg","ker","awg",1,1,"4",,False,,2-10-2007,
"CUIK3-07",79,"awh","KER","AWH",1,24,4,"8",,False,,1-10-2007,
"CUIK3-07",80,"awh","KER","AWH",3,14,8,"3",,False,,1-10-2007,
"CUIK3-07",80,"NS","SXX","SXX",1,192,8,"2",,False,"ARTEFACT",1-10-2007,
"CUIK3-07",81,"awh","KER","AWH",3,8,4,"3",,False,,1-10-2007,
"CUIK3-07",82,"awg","ker","awg",1,3,9,"4",,False,,1-10-2007,
"CUIK3-07",82,"awh","KER","AWH",1,28,2,"8",,False,,1-10-2007,
"CUIK3-07",83,"awg","ker","awg",1,11,"4",,False,,1-10-2007,
"CUIK3-07",83,"awh","ker","awh",3,7,8,"3",,False,,1-10-2007,
"CUIK3-07",83,"NS","SXX","SXX",2,779,6,"2",,False,"ONBEWERKT",1-10-2007,
"CUIK3-07",84,"awh","KER","AWH",4,21,7,"3",,False,,1-10-2007,
"CUIK3-07",85,"awh","KER","AWH",2,6,2,"3",,False,,1-10-2007,
"CUIK3-07",86,"awh","KER","AWH",1,7,"3",,False,,1-10-2007,
"CUIK3-07",87,"awh","KER","AWH",1,6,6,"3",,False,,1-10-2007,
"CUIK3-07",88,"awh","ker","awh",6,84,8,"3",,False,,1-10-2007,
"CUIK3-07",89,"awh","KER","AWH",2,30,2,"3",,False,,1-10-2007,
"CUIK3-07",90,"awh","KER","AWH",1,6,2,"3",,False,,1-10-2007,
"CUIK3-07",91,"awg","ker","awg",2,11,8,"4",,False,,2-10-2007,
"CUIK3-07",91,"awh","KER","AWH",4,18,6,"3",,False,,1-10-2007,
"CUIK3-07",92,"awh","KER","AWH",5,26,"3",,False,,1-10-2007,
"CUIK3-07",93,"awh","KER","AWH",1,8,6,"3",,False,,1-10-2007,
"CUIK3-07",93,"NS","SXX","SXX",1,12,2,"2",,False,"ONBEWERKT",1-10-2007,
"CUIK3-07",94,"awh","KER","AWH",1,2,"3",,False,,1-10-2007,
"CUIK3-07",94,"NS","SXX","SXX",1,10,6,"2",,False,"ONBEWERKT",1-10-2007,
"CUIK3-07",95,"awh","KER","AWH",1,10,"3",,False,,1-10-2007,
"CUIK3-07",96,"awh","KER","AWH",2,10,6,"3",,False,,1-10-2007,
"CUIK3-07",97,"awh","KER","AWH",1,7,2,"3",,False,,1-10-2007,
"CUIK3-07",98,"awh","KER","AWH",1,2,8,"3",,False,,1-10-2007,
"CUIK3-07",99,"awh","KER","AWH",7,25,9,"3",,False,,1-10-2007,
"CUIK3-07",100,"awg","ker","awg",1,3,2,"4",,False,,2-10-2007,
"CUIK3-07",100,"BW","KER","BOUWMAT",2,8,"6",,False,,1-10-2007,
"CUIK3-07",100,"VST","SXX","SVU",1,3,2,"1",,False,"vuursteen",1-10-2007,
"CUIK3-07",101,"awh","ker","awh",6,62,"3",,False,,1-10-2007,
"CUIK3-07",102,"awh","KER","AWH",1,5,2,"3",,False,,1-10-2007,
"CUIK3-07",103,"awg","ker","awg",1,13,2,"4",,False,,2-10-2007,
"CUIK3-07",104,"awh","KER","AWH",1,13,4,"3",,False,,1-10-2007,
"CUIK3-07",105,"awg","ker","awg",3,5,4,"4",,False,,1-10-2007,
"CUIK3-07",105,"awh","ker","awh",2,6,4,"3",,False,,1-10-2007,
"CUIK3-07",105,"NS","SXX","SXX",1,12,2,"2",,False,"ONBEWERKT",1-10-2007,
"CUIK3-07",106,"awh","KER","AWH",1,29,"3",,False,,1-10-2007,
"CUIK3-07",107,"awh","KER","AWH",1,2,6,"3",,False,,1-10-2007,
"CUIK3-07",108,"awh","KER","AWH",2,6,6,"3",,False,,1-10-2007,
"CUIK3-07",109,"MET","MXX","MXX",1,111,2,,"afgestoten",False,,1-10-2007,
"CUIK3-07",110,"awg","ker","awg",1,3,4,"4",,False,,1-10-2007,
"CUIK3-07",111,"awh","KER","AWH",1,8,6,"3",,False,,1-10-2007,
"CUIK3-07",112,"awh","KER","AWH",1,13,"3",,False,,1-10-2007,
"CUIK3-07",113,"awg","ker","awg",1,6,6,"4",,False,,1-10-2007,
"CUIK3-07",113,"NS","SXX","SXX",1,15,2,"2",,False,"ONBEWERKT",1-10-2007,
"CUIK3-07",114,"awh","KER","AWH",18,74,5,"3",,False,,1-10-2007,
"CUIK3-07",114,"NS","SXX","SXX",1,84,"2",,False,"ONBEWERKT",1-10-2007,
"CUIK3-07",115,"awh","KER","AWH",1,3,8,"3",,False,,1-10-2007,
"CUIK3-07",115,"NS","SXX","SXX",3,3,4,"2",,False,"ONBEWERKT",1-10-2007,
"CUIK3-07",116,"awh","KER","AWH",2,2,2,"3",,False,,1-10-2007,
"CUIK3-07",116,"VST","SXX","SVU",1,16,2,"1",,False,"vuursteen",1-10-2007,
"CUIK3-07",117,"awh","KER","AWH",2,45,5,"3",,False,,1-10-2007,
"CUIK3-07",118,"awh","KER","AWH",1,5,4,"3",,False,,1-10-2007,
"CUIK3-07",119,"awg","ker","awg",4,92,1,"4",,False,,1-10-2007,
"CUIK3-07",119,"awh","KER","AWH",3,17,4,"3",,False,,1-10-2007,
"CUIK3-07",119,"BW","KER","BOUWMAT",2,14,"6",,False,,1-10-2007,
"CUIK3-07",120,"awg","ker","awg",2,5,6,"4",,False,,1-10-2007,
"CUIK3-07",121,"awg","ker","awg",2,33,7,"4",,False,,2-10-2007,
"CUIK3-07",121,"BW","KER","BOUWMAT",2,64,1,"6",,False,,1-10-2007,
"CUIK3-07",122,"awh","KER","AWH",13,99,7,"8",,False,,1-10-2007,
"CUIK3-07",122,"BW","KER","BOUWMAT",1,6,4,"6",,False,,1-10-2007,
"CUIK3-07",122,"NS","SXX","SXX",1,52,1,"2",,False,"ONBEWERKT",1-10-2007,
"CUIK3-07",122,"VKL","KER","HUTTELM",1,13,1,"1",,False,,1-10-2007,
"CUIK3-07",123,"AWG","ker","awg",1,2,"4",,False,,1-10-2007,
"CUIK3-07",123,"awh","KER","AWH",27,124,6,"3",,False,,1-10-2007,
"CUIK3-07",123,"VST","SXX","SVU",1,5,4,"1",,False,"vuursteen",1-10-2007,
"CUIK3-07",124,"awh","ker","awh",11,124,6,"3",,False,,1-10-2007,
"CUIK3-07",124,"HK","OXX","oph",40,4,8,"1",,False,,1-10-2007,
"CUIK3-07",124,"SLK","MXX","SLAK",1,16,6,"1",,False,,1-10-2007,
"CUIK3-07",125,"awh","ker","awh",28,323,6,"8",,False,,1-10-2007,
"CUIK3-07",125,"BW","KER","BOUWMAT",4,13,8,"6",,False,,1-10-2007,
"CUIK3-07",125,"NS","SXX","SXX",2,11,8,"2",,False,"ONBEWERKT",1-10-2007,
"CUIK3-07",126,"awg","ker","awg",34,404,8,"4",,False,,1-10-2007,
"CUIK3-07",126,"awh","ker","AWH",9,117,4,"4",,False,,2-10-2007,
"CUIK3-07",126,"BW","KER","BOUWMAT",3,14,1,"6",,False,,1-10-2007,
"CUIK3-07",126,"MET","MXX","MXX",1,4,4,,"afgestoten",False,,1-10-2007,
"CUIK3-07",126,"PIJP","KER","PIJP",1,2,4,"1",,False,,1-10-2007,
"CUIK3-07",127,"awg","ker","awg",11,102,4,"4",,False,,1-10-2007,
"CUIK3-07",127,"PIJP","KER","PIJP",1,4,8,"1",,False,,1-10-2007,
"CUIK3-07",127,"ZF25","ZF25","ZF25",,,,"afgestoten",False,,4-12-2007,
"CUIK3-07",128,"awg","ker","awg",93,980,8,"4",,False,,2-10-2007,
"CUIK3-07",128,"awh","ker","AWH",21,231,9,"4",,False,,1-10-2007,
"CUIK3-07",128,"BW","KER","BOUWMAT",3,33,"6",,False,,1-10-2007,
"CUIK3-07",128,"MET","MXX","MXX",1,389,3,,"afgestoten",False,,1-10-2007,
"CUIK3-07",128,"NS","SXX","SXX",3,102,3,"2",,False,"ONBEWERKT",1-10-2007,
"CUIK3-07",129,"MET","MXX","mfe",1,64,"9",,True,,1-10-2007,"DROOG"
"CUIK3-07",130,"awg","ker","awg",2,5,6,"4",,False,,2-10-2007,
"CUIK3-07",130,"awh","ker","AWH",4,30,"4",,False,,2-10-2007,
"CUIK3-07",131,"AWG","KER","AWG",1,7,"4",,False,,13-12-2007,
"CUIK3-07",131,"awh","KER","AWH",1,3,"3",,False,,1-10-2007,
"CUIK3-07",132,"awg","ker","awg",2,5,8,"4",,False,,2-10-2007,
"CUIK3-07",132,"awh","KER","AWH",1,9,"3",,False,,1-10-2007,
"CUIK3-07",133,"awg","ker","awg",3,43,"4",,False,,2-10-2007,
"CUIK3-07",134,"awg","ker","awg",2,10,"4",,False,,2-10-2007,
"CUIK3-07",134,"awh","ker","awh",1,5,6,"3",,False,,1-10-2007,
"CUIK3-07",135,"awg","ker","awg",4,80,8,"4",,False,,2-10-2007,
"CUIK3-07",135,"awh","ker","AWH",6,15,2,"4",,False,,2-10-2007,
"CUIK3-07",135,"PIJP","KER","PIJP",1,10,3,"1",,False,,1-10-2007,
"CUIK3-07",136,"awg","ker","awg",1,5,8,"4",,False,,1-10-2007,
"CUIK3-07",136,"MET","MXX","MXX",1,10,2,,"afgestoten",False,,1-10-2007,
"CUIK3-07",137,"awg","ker","awg",1,2,8,"4",,False,,2-10-2007,
"CUIK3-07",138,"awg","ker","awg",1,6,3,"4",,False,,1-10-2007,
"CUIK3-07",138,"awh","KER","AWH",2,10,6,"3",,False,,1-10-2007,
"CUIK3-07",138,"BT","OXX","OXB",2,5,2,"1",,False,,1-10-2007,
"CUIK3-07",138,"BW","KER","BOUWMAT",1,292,6,"6",,False,,1-10-2007,
"CUIK3-07",138,"VST","SXX","SVU",1,17,2,"1",,False,"vuursteen",1-10-2007,
"CUIK3-07",139,"awh","KER","AWH",2,68,3,"3",,False,,1-10-2007,
"CUIK3-07",139,"NS","SXX","SXX",1,60,6,"2",,False,"ONBEWERKT",1-10-2007,
"CUIK3-07",140,"awh","ker","awh",2,3,8,"3",,False,,1-10-2007,
"CUIK3-07",140,"NS","SXX","SXX",1,2,2,"2",,False,"ONBEWERKT",1-10-2007,
"CUIK3-07",141,"awh","KER","AWH",2,6,4,"3",,False,,1-10-2007,
"CUIK3-07",142,"awg","ker","awg",6,21,8,"4",,False,,1-10-2007,
"CUIK3-07",142,"awh","ker","awh",5,16,"3",,False,,1-10-2007,
"CUIK3-07",142,"BW","KER","BOUWMAT",2,13,8,"6",,False,,1-10-2007,
"CUIK3-07",142,"PIJP","KER","PIJP",1,3,"1",,False,,1-10-2007,
"CUIK3-07",143,"awg","ker","awg",1,6,"4",,False,,2-10-2007,
"CUIK3-07",144,"awh","KER","AWH",2,6,"3",,False,,1-10-2007,
"CUIK3-07",145,"MET","MXX","MXX",2,37,2,,"afgestoten",False,,1-10-2007,
"CUIK3-07",146,"awh","KER","AWH",2,14,8,"3",,False,,1-10-2007,
"CUIK3-07",147,"awg","ker","awg",4,68,"4",,False,,1-10-2007,
"CUIK3-07",148,"VST","SXX","SVU",2,75,6,"1",,False,"vuursteen",1-10-2007,
"CUIK3-07",149,"awh","KER","AWH",1,13,2,"3",,False,,1-10-2007,
"CUIK3-07",150,"awg","ker","awg",1,5,6,"4",,False,,2-10-2007,
"CUIK3-07",151,"MET","MXX","MXX",1,1,8,,"afgestoten",False,,1-10-2007,
"CUIK3-07",152,"awg","ker","awg",3,95,8,"4",,False,,2-10-2007,
"CUIK3-07",152,"BT","OXX","OXB",40,16,7,"1",,False,,1-10-2007,
"CUIK3-07",152,"BW","KER","BOUWMAT",1,89,7,"6",,False,,1-10-2007,
"CUIK3-07",153,"awg","ker","awg",5,41,4,"4",,False,,1-10-2007,
"CUIK3-07",154,"awg","ker","awg",1,3,4,"4",,False,,2-10-2007,
"CUIK3-07",154,"NS","SXX","SXX",1,6,4,"2",,False,"ONBEWERKT",1-10-2007,
"CUIK3-07",155,"awg","ker","awg",15,120,6,"4",,False,,1-10-2007,
"CUIK3-07",156,"awh","KER","AWH",1,2,4,"3",,False,,1-10-2007,
"CUIK3-07",157,"awg","ker","awg",1,2,2,"4",,False,,2-10-2007,
"CUIK3-07",157,"NS","SXX","SXX",1,2,"2",,False,"ONBEWERKT",1-10-2007,
"CUIK3-07",158,"MET","MXX","MXX",1,14,4,,"afgestoten",False,,1-10-2007,
"CUIK3-07",159,"awh","KER","AWH",2,16,2,"3",,False,,1-10-2007,
"CUIK3-07",160,"awg","ker","awg",7,71,2,"4",,False,,1-10-2007,
"CUIK3-07",161,"awg","ker","awg",1,3,4,"4",,False,,1-10-2007,
"CUIK3-07",161,"PIJP","KER","PIJP",1,9,6,"1",,False,,1-10-2007,
"CUIK3-07",161,"SLK","MXX","SLAK",1,15,2,"1",,False,,1-10-2007,
"CUIK3-07",162,"awh","KER","AWH",1,2,6,"3",,False,,1-10-2007,
"CUIK3-07",162,"VST","SXX","SVU",1,22,2,"1",,False,"vuursteen",1-10-2007,
"CUIK3-07",163,"awh","KER","AWH",3,33,8,"3",,False,,1-10-2007,
"CUIK3-07",164,"awh","KER","AWH",1,38,8,"3",,False,,1-10-2007,
"CUIK3-07",165,"HK","FLOT25","FLOT25",5,1,,"afgestoten",False,,18-12-2007,
"CUIK3-07",166,"awh","KER","AWH",1,10,2,"3",,False,,1-10-2007,
"CUIK3-07",167,"awh","KER","AWH",14,21,7,"3",,False,,1-10-2007,
"CUIK3-07",167,"NS","SXX","SXX",1,8,4,"2",,False,"ONBEWERKT",1-10-2007,
"CUIK3-07",168,"awh","KER","AWH",1,14,4,"3",,False,,1-10-2007,
"CUIK3-07",169,"ZF25","ZF25","ZF25",,,,"afgestoten",False,,4-12-2007,
"CUIK3-07",170,"awh","ker","awh",44,133,2,"3",,False,,1-10-2007,
"CUIK3-07",170,"NS","SXX","SXX",3,50,1,"7",,False,"ONBEWERKT",10-10-2007,
"CUIK3-07",171,"awh","KER","AWH",2,8,2,"3",,False,,1-10-2007,
"CUIK3-07",174,"NS","SXX","SXX",1,1,4,"2",,False,"ONBEWERKT",1-10-2007,
"CUIK3-07",175,"awh","KER","AWH",1,5,4,"3",,False,,1-10-2007,
"CUIK3-07",176,"awg","ker","awg",1,5,2,"4",,False,,1-10-2007,
"CUIK3-07",177,"awh","KER","AWH",3,12,2,"3",,False,,1-10-2007,
"CUIK3-07",178,"awh","KER","AWH",4,6,4,"3",,False,,1-10-2007,
"CUIK3-07",179,"awh","KER","AWH",2,7,"3",,False,,1-10-2007,
"CUIK3-07",180,"awh","ker","awh",2,4,"3",,False,,1-10-2007,
"CUIK3-07",180,"NS","SXX","SXX",1,10,2,"2",,False,"ONBEWERKT",1-10-2007,
"CUIK3-07",180,"SLK","MXX","SLAK",1,13,"1",,False,,1-10-2007,
"CUIK3-07",181,"awg","ker","awg",1,5,6,"4",,False,,1-10-2007,
"CUIK3-07",182,"awh","KER","AWH",1,3,2,"3",,False,,1-10-2007,
"CUIK3-07",183,"awh","KER","AWH",1,5,"3",,False,,1-10-2007,
"CUIK3-07",184,"awh","KER","AWH",1,1,6,"3",,False,,1-10-2007,
"CUIK3-07",185,"awh","KER","AWH",1,2,4,"3",,False,,1-10-2007,
"CUIK3-07",186,"awh","KER","AWH",1,3,6,"3",,False,,1-10-2007,
"CUIK3-07",187,"NS","SXX","SXX",1,7,4,"2",,False,"ONBEWERKT",1-10-2007,
"CUIK3-07",188,"awg","ker","awg",5,65,"4",,False,,2-10-2007,
"CUIK3-07",188,"awh","KER","AWH",5,109,"3",,False,,1-10-2007,
"CUIK3-07",188,"NS","SXX","SXX",2,17,6,"2",,False,"ONBEWERKT",1-10-2007,
"CUIK3-07",188,"VST","SXX","SVU",1,2,"1",,False,"vuursteen",1-10-2007,
"CUIK3-07",189,"MET","MXX","MXX",1,132,,"afgestoten",False,,1-10-2007,
"CUIK3-07",190,"awg","ker","awg",1,10,6,"4",,False,,2-10-2007,
"CUIK3-07",190,"NS","SXX","SXX",1,56,6,"2",,False,"ONBEWERKT",1-10-2007,
"CUIK3-07",191,"awh","KER","AWH",1,12,6,"3",,False,,1-10-2007,
"CUIK3-07",192,"awg","ker","awg",24,749,"4",,False,,1-10-2007,
"CUIK3-07",192,"BW","KER","BOUWMAT",1,186,6,"6",,False,,1-10-2007,
"CUIK3-07",192,"MET","MXX","MXX",1,37,,"afgestoten",False,,1-10-2007,
"CUIK3-07",193,"awg","ker","awg",5,122,"4",,False,,1-10-2007,
"CUIK3-07",194,"awg","ker","awg",2,14,8,"4",,False,,1-10-2007,
"CUIK3-07",194,"awh","KER","AWH",5,102,"3",,False,,1-10-2007,
"CUIK3-07",194,"BW","KER","BOUWMAT",2,98,6,"6",,False,,1-10-2007,
"CUIK3-07",194,"NS","SXX","SXX",1,19,8,"2",,False,"ONBEWERKT",1-10-2007,
"CUIK3-07",195,"awg","ker","awg",3,16,"4",,False,,2-10-2007,
"CUIK3-07",196,"awg","ker","awg",1,3,2,"4",,False,,1-10-2007,
"CUIK3-07",197,"awh","KER","AWH",2,52,6,"3",,False,,1-10-2007,
"CUIK3-07",198,"awh","KER","AW",1,8,6,"4",,False,,1-10-2007,
"CUIK3-07",199,"awh","KER","AWH",1,6,6,"3",,False,,1-10-2007,
"CUIK3-07",200,"MET","MXX","MXX",1,26,,"afgestoten",False,,1-10-2007,
"CUIK3-07",201,"NS","SXX","SXX",2,1273,2,"2",,False,"ONBEWERKT",1-10-2007,
"CUIK3-07",202,"awh","ker","awh",15,75,"3",,False,,1-10-2007,
"CUIK3-07",202,"NS","SXX","SXX",5,19,"2",,False,"ONBEWERKT",1-10-2007,
"CUIK3-07",203,"awg","ker","awg",1,8,"4",,False,,2-10-2007,
"CUIK3-07",204,"awh","ker","awh",26,120,2,"3",,False,,1-10-2007,
"CUIK3-07",205,"awg","ker","awg",1,18,4,"4",,False,,2-10-2007,
"CUIK3-07",205,"awh","ker","awh",6,19,8,"3",,False,,1-10-2007,
"CUIK3-07",206,"awg","ker","awg",2,14,9,"4",,False,,2-10-2007,
"CUIK3-07",206,"awh","ker","AWH",25,151,6,"4",,False,,2-10-2007,
"CUIK3-07",207,"awh","ker","awh",32,288,6,"3",,False,,1-10-2007,
"CUIK3-07",207,"BW","KER","BOUWMAT",2,42,6,"6",,False,,1-10-2007,
"CUIK3-07",207,"NS","SXX","SXX",1,4,2,"2",,False,"ONBEWERKT",1-10-2007,
"CUIK3-07",208,"awh","ker","awh",11,82,"3",,False,,1-10-2007,
"CUIK3-07",209,"awg","ker","awg",1,7,4,"4",,False,,1-10-2007,
"CUIK3-07",209,"awh","ker","awh",7,35,8,"3",,False,,1-10-2007,
"CUIK3-07",210,"awh","KER","AWH",1,10,8,"3",,False,,1-10-2007,
"CUIK3-07",211,"awh","KER","AWH",1,23,6,"3",,False,,1-10-2007,
"CUIK3-07",212,"awg","ker","awg",1,1,2,"4",,False,,1-10-2007,
"CUIK3-07",213,"AWH","ker","AWH",1,24,8,"3",,False,,11-10-2007,
"CUIK3-07",214,"awh","KER","AWH",2,3,4,"3",,False,,1-10-2007,
"CUIK3-07",215,"awh","KER","AWH",2,16,6,"3",,False,,1-10-2007,
"CUIK3-07",216,"AWH","ker","AWH",2,20,"5",,False,,10-10-2007,
"CUIK3-07",216,"VST","SXX","SVU",1,29,8,"1",,False,"vuursteen",1-10-2007,
"CUIK3-07",218,"awg","ker","awg",1,7,8,"4",,False,,1-10-2007,
"CUIK3-07",218,"awh","KER","AWH",2,11,8,"3",,False,,1-10-2007,
"CUIK3-07",219,"awg","ker","awg",4,51,2,"4",,False,,1-10-2007,
"CUIK3-07",220,"awg","ker","awg",1,2,"4",,False,,1-10-2007,
"CUIK3-07",221,"awh","KER","AWH",2,4,8,"3",,False,,1-10-2007,
"CUIK3-07",222,"awh","ker","awh",9,37,2,"3",,False,,1-10-2007,
"CUIK3-07",223,"awh","ker","awh",11,60,6,"3",,False,,1-10-2007,
"CUIK3-07",225,"awh","ker","awh",2,59,"3",,False,,1-10-2007,
"CUIK3-07",226,"awh","KER","AWH",2,26,6,"3",,False,,1-10-2007,
"CUIK3-07",227,"awh","KER","AWH",3,25,"3",,False,,1-10-2007,
"CUIK3-07",228,"awh","KER","AWH",4,12,"8",,False,,1-10-2007,
"CUIK3-07",229,"awg","ker","awg",1,3,2,"4",,False,,1-10-2007,
"CUIK3-07",230,"awh","KER","AWH",2,6,6,"3",,False,,1-10-2007,
"CUIK3-07",231,"awg","ker","awg",1,14,8,"4",,False,,2-10-2007,
"CUIK3-07",231,"awh","ker","AWH",1,10,6,"4",,False,,2-10-2007,
"CUIK3-07",232,"MET","MXX","mfe",1,29,8,"9","naar conservering",True,,1-10-2007,"DROOG"
"CUIK3-07",233,"awg","ker","awg",2,9,6,"4",,False,,2-10-2007,
"CUIK3-07",234,"AWG","KER","AWG",3,8,6,"4",,False,,13-12-2007,
"CUIK3-07",234,"awh","ker","awh",2,14,"3",,False,,1-10-2007,
"CUIK3-07",234,"NS","SXX","SXX",2,15,8,"2",,False,"ONBEWERKT",1-10-2007,
"CUIK3-07",235,"awh","ker","awh",7,31,6,"3",,False,,1-10-2007,
"CUIK3-07",235,"NS","SXX","SXX",4,50,8,"2",,False,"ONBEWERKT",1-10-2007,
"CUIK3-07",236,"awg","ker","awg",1,6,6,"4",,False,,1-10-2007,
"CUIK3-07",237,"awg","ker","awg",2,14,"4",,False,,1-10-2007,
"CUIK3-07",237,"awh","ker","awh",5,57,4,"3",,False,,1-10-2007,
"CUIK3-07",238,"awh","KER","AWH",1,9,6,"3",,False,,1-10-2007,
"CUIK3-07",239,"awg","ker","awg",2,14,6,"4",,False,,1-10-2007,
"CUIK3-07",239,"BW","KER","BOUWMAT",2,57,"6",,False,,1-10-2007,
"CUIK3-07",240,"awh","ker","awh",3,13,2,"3",,False,,1-10-2007,
"CUIK3-07",241,"awg","ker","awg",1,10,6,"4",,False,,1-10-2007,
"CUIK3-07",242,"awh","ker","awh",6,39,4,"3",,False,,1-10-2007,
"CUIK3-07",243,"awh","KER","AWH",9,28,6,"3",,False,,1-10-2007,
"CUIK3-07",244,"awh","KER","AWH",8,15,8,"3",,False,,1-10-2007,
"CUIK3-07",244,"BW","KER","BOUWMAT",2,37,4,"6",,False,,1-10-2007,
"CUIK3-07",245,"VST","SXX","SVU",1,79,8,"1",,False,"vuursteen",1-10-2007,
"CUIK3-07",246,"awh","KER","AWH",2,9,8,"3",,False,,1-10-2007,
"CUIK3-07",247,"PIJP","KER","PIJP",1,17,2,"1",,False,,1-10-2007,
"CUIK3-07",248,"awg","ker","awg",1,9,2,"4",,False,,2-10-2007,
"CUIK3-07",248,"awh","ker","AWH",2,10,4,"4",,False,,2-10-2007,
"CUIK3-07",249,"awg","ker","awg",1,3,4,"4",,False,,2-10-2007,
"CUIK3-07",250,"awg","ker","awg",1,20,6,"4",,False,,2-10-2007,
"CUIK3-07",251,"awh","KER","AWH",2,15,8,"3",,False,,1-10-2007,
"CUIK3-07",252,"awg","ker","awg",4,26,6,"4",,False,,2-10-2007,
"CUIK3-07",252,"PIJP","KER","PIJP",1,5,6,"1",,False,,1-10-2007,
"CUIK3-07",253,"awg","ker","awg",2,22,6,"4",,False,,2-10-2007,
"CUIK3-07",253,"awh","ker","awh",5,29,6,"3",,False,,1-10-2007,
"CUIK3-07",254,"awg","ker","awg",5,76,6,"4",,False,,1-10-2007,
"CUIK3-07",255,"awg","ker","awg",9,191,"4",,False,,1-10-2007,
"CUIK3-07",255,"awh","ker","awh",1,41,"3",,False,,1-10-2007,
"CUIK3-07",256,"awg","ker","awg",1,29,"4",,False,,2-10-2007,
"CUIK3-07",257,"awg","ker","awg",3,75,6,"4",,False,,1-10-2007,
"CUIK3-07",258,"awh","ker","awh",3,22,6,"3",,False,,1-10-2007,
"CUIK3-07",258,"NS","SXX","SXX",1,1,2,"2",,False,"ONBEWERKT",1-10-2007,
"CUIK3-07",259,"awg","ker","awg",1,7,4,"4",,False,,2-10-2007,
"CUIK3-07",260,"awh","KER","AWH",1,2,2,"3",,False,,1-10-2007,
"CUIK3-07",260,"VST","SXX","SVU",1,0,2,"1",,False,"vuursteen",1-10-2007,
"CUIK3-07",261,"awh","KER","AWH",1,3,2,"3",,False,,1-10-2007,
"CUIK3-07",262,"awh","ker","awh",7,33,8,"3",,False,,1-10-2007,
"CUIK3-07",263,"awh","KER","AWH",3,16,6,"3",,False,,1-10-2007,
"CUIK3-07",264,"awh","ker","awh",5,15,8,"3",,False,,1-10-2007,
"CUIK3-07",265,"awh","KER","AWH",1,4,2,"3",,False,,1-10-2007,
"CUIK3-07",266,"awg","ker","awg",3,17,8,"4",,False,,1-10-2007,
"CUIK3-07",266,"NS","SXX","SXX",1,4,6,"2",,False,"ONBEWERKT",1-10-2007,
"CUIK3-07",267,"awh","KER","AWH",2,17,8,"3",,False,,1-10-2007,
"CUIK3-07",268,"awh","KER","AWH",16,94,6,"3",,False,,1-10-2007,
"CUIK3-07",268,"BW","KER","BOUWMAT",1,5,"6",,False,,1-10-2007,
"CUIK3-07",268,"VST","SXX","SVU",1,3,1,"1",,False,"vuursteen",1-10-2007,
"CUIK3-07",269,"awg","ker","awg",1,12,8,"4",,False,,2-10-2007,
"CUIK3-07",269,"awh","ker","AWH",3,33,"4",,False,,2-10-2007,
"CUIK3-07",270,"awh","KER","AWH",2,14,8,"3",,False,,1-10-2007,
"CUIK3-07",271,"awh","KER","AWH",1,3,8,"3",,False,,1-10-2007,
"CUIK3-07",272,"awg","ker","awg",1,7,4,"4",,False,,2-10-2007,
"CUIK3-07",273,"awh","KER","AWH",2,8,"3",,False,,1-10-2007,
"CUIK3-07",274,"awh","KER","AWH",5,16,6,"3",,False,,1-10-2007,
"CUIK3-07",275,"awh","KER","AWH",1,8,8,"3",,False,,1-10-2007,
"CUIK3-07",276,"awh","ker","awh",3,37,4,"3",,False,,1-10-2007,
"CUIK3-07",277,"awh","ker","awh",9,35,"3",,False,,1-10-2007,
"CUIK3-07",277,"VST","SXX","SVU",1,5,6,"1",,False,"vuursteen",1-10-2007,
"CUIK3-07",278,"awh","ker","AWH",5,11,5,"3",,False,,1-10-2007,
"CUIK3-07",278,"BW","KER","BOUWMAT",1,74,7,"6",,False,,1-10-2007,
"CUIK3-07",278,"NS","SXX","SXX",1,29,6,"2",,False,"ONBEWERKT",1-10-2007,
"CUIK3-07",279,"awg","ker","awg",1,10,4,"4",,False,,2-10-2007,
"CUIK3-07",279,"BW","KER","BOUWMAT",1,33,4,"6",,False,,1-10-2007,
"CUIK3-07",280,"awh","KER","AWH",3,8,4,"3",,False,,1-10-2007,
"CUIK3-07",281,"awh","KER","AWH",1,6,"3",,False,,1-10-2007,
"CUIK3-07",282,"awh","KER","AWH",2,3,8,"3",,False,,1-10-2007,
"CUIK3-07",283,"awh","KER","AWH",2,18,4,"3",,False,,1-10-2007,
"CUIK3-07",284,"awh","KER","AWH",3,14,"3",,False,,1-10-2007,
"CUIK3-07",285,"awg","ker","awg",1,17,6,"4",,False,,1-10-2007,
"CUIK3-07",286,"awh","ker","awh",2,11,8,"3",,False,,1-10-2007,
"CUIK3-07",287,"awh","ker","awh",3,12,8,"3",,False,,1-10-2007,
"CUIK3-07",287,"BW","KER","BOUWMAT",1,29,6,"6",,False,,1-10-2007,
"CUIK3-07",288,"MET","MXX","MXX",3,54,8,,"afgestoten",False,,1-10-2007,
"CUIK3-07",289,"awh","KER","AWH",1,3,6,"3",,False,,1-10-2007,
"CUIK3-07",290,"awh","KER","AWH",1,2,"3",,False,,1-10-2007,
"CUIK3-07",291,"awh","KER","AWH",1,33,4,"3",,False,,1-10-2007,
"CUIK3-07",292,"awh","ker","awh",2,9,"3",,False,,1-10-2007,
"CUIK3-07",292,"BW","KER","BOUWMAT",1,12,6,"6",,False,,1-10-2007,
"CUIK3-07",293,"awh","KER","AWH",1,6,"3",,False,,1-10-2007,
"CUIK3-07",294,"awh","KER","AWH",1,1,6,"3",,False,,1-10-2007,
"CUIK3-07",295,"AWH","KER","AWG",60,210,"3",,False,,13-12-2007,
"CUIK3-07",295,"BT","OXX","OXB",40,10,"3","Van Crematie Monster",False,"zit bij aardewerkzak in",13-12-2007,
"CUIK3-07",295,"HK","OXX","oph",10,2,"1",,False,,13-12-2007,
"CUIK3-07",296,"AWH","KER","AWG",6,100,"3",,False,,13-12-2007,
"CUIK3-07",296,"HK","OXX","oph",5,1,"1",,False,,13-12-2007,
"CUIK3-07",297,"ZF25","ZF25","ZF25",,,,"afgestoten",False,,4-12-2007,
"CUIK3-07",298,"awh","KER","AWH",2,8,"3",,False,,1-10-2007,
"CUIK3-07",299,"awg","ker","awg",3,48,6,"4",,False,,1-10-2007,
"CUIK3-07",300,"awh","ker","awh",7,43,8,"3",,False,,1-10-2007,
"CUIK3-07",301,"awh","KER","AWH",27,117,"8",,False,,1-10-2007,
"CUIK3-07",301,"NS","SXX","SXX",1,294,"2",,False,"ONBEWERKT",1-10-2007,
"CUIK3-07",302,"awh","KER","AWH",2,6,4,"3",,False,,1-10-2007,
"CUIK3-07",303,"awh","KER","AWH",2,9,4,"3",,False,,1-10-2007,
"CUIK3-07",304,"awh","KER","AWH",23,148,4,"3",,False,,1-10-2007,
"CUIK3-07",305,"awh","KER","AWH",9,52,2,"3",,False,,1-10-2007,
"CUIK3-07",305,"NS","SXX","SXX",1,92,"2",,False,"ONBEWERKT",1-10-2007,
"CUIK3-07",306,"awh","KER","AWH",3,46,5,"3",,False,,1-10-2007,
"CUIK3-07",307,"awh","KER","AWH",2,9,4,"3",,False,,1-10-2007,
"CUIK3-07",308,"awg","ker","awg",1,15,"4",,False,,1-10-2007,
"CUIK3-07",309,"awh","KER","AWH",2,10,"3",,False,,1-10-2007,
"CUIK3-07",310,"awg","ker","awg",20,597,8,"4",,False,,1-10-2007,
"CUIK3-07",310,"BW","KER","BOUWMAT",2,148,8,"6",,False,,1-10-2007,
"CUIK3-07",311,"awg","ker","awg",1,3,2,"4",,False,,2-10-2007,
"CUIK3-07",312,"awg","ker","awg",1,6,8,"4",,False,,1-10-2007,
"CUIK3-07",312,"PIJP","KER","PIJP",1,3,2,"1",,False,,1-10-2007,
"CUIK3-07",313,"awg","ker","awg",2,4,6,"4",,False,,2-10-2007,
"CUIK3-07",313,"BT","OXX","OXB",21,181,2,"1",,False,,1-10-2007,
"CUIK3-07",313,"BW","KER","BOUWMAT",1,8,6,"6",,False,,1-10-2007,
"CUIK3-07",314,"PIJP","KER","PIJP",12,4,4,"1",,False,,1-10-2007,
"CUIK3-07",315,"awg","ker","awg",6,183,"4",,False,,1-10-2007,
"CUIK3-07",315,"BW","KER","BOUWMAT",1,105,7,"6",,False,,1-10-2007,
"CUIK3-07",316,"awg","ker","awg",1,5,"4",,False,,1-10-2007,
"CUIK3-07",316,"awh","KER","AWH",2,11,7,"3",,False,,1-10-2007,
"CUIK3-07",316,"BT","OXX","OXB",11,21,4,"1",,False,,1-10-2007,
"CUIK3-07",316,"NS","SXX","SXX",6,47,7,"2",,False,"ONBEWERKT",1-10-2007,
"CUIK3-07",317,"awh","ker","awh",14,41,36,"3",,False,,1-10-2007,
"CUIK3-07",318,"BT","OXX","OXB",200,770,"1",,False,,1-10-2007,
"CUIK3-07",319,"AWG","ker","AWG",2,54,6,"4",,False,,1-10-2007,
"CUIK3-07",320,"awg","ker","awg",1,7,2,"4",,False,,1-10-2007,
"CUIK3-07",321,"awg","ker","awg",1,3,9,"4",,False,,1-10-2007,
"CUIK3-07",321,"awh","KER","AWH",1,111,"3",,False,,1-10-2007,
"CUIK3-07",322,"awh","KER","AWH",2,25,4,"3",,False,,1-10-2007,
"CUIK3-07",323,"awg","ker","awg",10,616,"4",,False,,1-10-2007,
"CUIK3-07",323,"BW","KER","BOUWMAT",1,28,7,"6",,False,,1-10-2007,
"CUIK3-07",323,"NS","SXX","SXX",1,27,3,"2",,False,"ONBEWERKT",1-10-2007,
"CUIK3-07",324,"awg","ker","awg",7,113,"4",,False,,1-10-2007,
"CUIK3-07",325,"awh","ker","awh",2,13,"5",,False,,2-10-2007,
"CUIK3-07",326,"awh","ker","awh",1,5,2,"5",,False,,2-10-2007,
"CUIK3-07",327,"awh","ker","awh",1,25,6,"5",,False,,2-10-2007,
"CUIK3-07",328,"awh","ker","awh",2,17,8,"5",,False,,2-10-2007,
"CUIK3-07",329,"awh","ker","awh",1,11,6,"5",,False,,2-10-2007,
"CUIK3-07",330,"awh","ker","awh",5,43,6,"5",,False,,2-10-2007,
"CUIK3-07",331,"awg","ker","awg",1,11,6,"4",,False,,2-10-2007,
"CUIK3-07",331,"awh","ker","awh",2,7,2,"5",,False,,2-10-2007,
"CUIK3-07",331,"VST","SXX","SVU",1,6,4,"1",,False,"vuursteen",2-10-2007,
"CUIK3-07",332,"awh","ker","awh",2,14,2,"5",,False,,2-10-2007,
"CUIK3-07",332,"NS","SXX","SXX",4,28,8,"7",,False,"ONBEWERKT",2-10-2007,
"CUIK3-07",333,"awg","ker","awg",1,17,2,"4",,False,,2-10-2007,
"CUIK3-07",334,"awh","ker","awh",1,35,"5",,False,,2-10-2007,
"CUIK3-07",335,"awh","ker","awh",2,4,6,"5",,False,,2-10-2007,
"CUIK3-07",336,"awh","ker","awh",12,40,"5",,False,,2-10-2007,
"CUIK3-07",337,"awh","ker","awh",16,59,"5",,False,,2-10-2007,
"CUIK3-07",338,"VST","SXX","SVU",1,3,8,"1",,False,"vuursteen",2-10-2007,
"CUIK3-07",339,"awh","ker","awh",6,24,"5",,False,,2-10-2007,
"CUIK3-07",340,"awh","ker","awh",2,13,8,"5",,False,,2-10-2007,
"CUIK3-07",341,"ZAD","OPX","OPX",7,2,2,,"afgestoten",False,,2-10-2007,
"CUIK3-07",342,"awh","ker","awh",1,3,4,"5",,False,,2-10-2007,
"CUIK3-07",343,"awh","ker","awh",3,3,8,"5",,False,,2-10-2007,
"CUIK3-07",344,"awh","ker","awh",1,4,6,"5",,False,,2-10-2007,
"CUIK3-07",345,"awh","ker","awh",2,12,"5",,False,,2-10-2007,
"CUIK3-07",346,"awh","ker","awh",12,114,8,"5",,False,,2-10-2007,
"CUIK3-07",346,"NS","SXX","SXX",1,0,6,"7",,False,"ONBEWERKT",2-10-2007,
"CUIK3-07",347,"awh","ker","AWH",80,463,8,"5",,False,,2-10-2007,
"CUIK3-07",347,"NS","SXX","SXX",1,2,6,"7",,False,"ONBEWERKT",2-10-2007,
"CUIK3-07",347,"VST","SXX","SVU",2,6,6,"1",,False,"vuursteen",2-10-2007,
"CUIK3-07",348,"awg","ker","awg",2,33,"4",,False,,2-10-2007,
"CUIK3-07",348,"awh","ker","awh",28,173,6,"5",,False,,2-10-2007,
"CUIK3-07",348,"BT","OXX","OXB",1,2,6,"1",,False,,2-10-2007,
"CUIK3-07",349,"awh","ker","awh",1,5,2,"5",,False,,2-10-2007,
"CUIK3-07",350,"awh","ker","awh",4,27,8,"5",,False,,2-10-2007,
"CUIK3-07",351,"HK","OXX","oph",20,,,"afgestoten",False,"MONSTER",1-10-2007,
"CUIK3-07",352,"awh","ker","awh",4,13,2,"5",,False,,2-10-2007,
"CUIK3-07",352,"NS","SXX","SXX",1,22,"7",,False,"ONBEWERKT",2-10-2007,
"CUIK3-07",353,"awh","ker","awh",1,4,6,"5",,False,,2-10-2007,
"CUIK3-07",354,"awh","ker","awh",4,17,6,"5",,False,,2-10-2007,
"CUIK3-07",355,"awh","ker","awh",1,3,6,"5",,False,,2-10-2007,
"CUIK3-07",356,"NS","SXX","SXX",1,4,8,"7",,False,"ONBEWERKT",2-10-2007,
"CUIK3-07",357,"awh","ker","awh",2,4,4,"5",,False,,2-10-2007,
"CUIK3-07",358,"awh","ker","awh",1,2,"5",,False,,2-10-2007,
"CUIK3-07",359,"awh","ker","awh",1,6,4,"5",,False,,2-10-2007,
"CUIK3-07",360,"awh","ker","awh",3,10,6,"5",,False,,2-10-2007,
"CUIK3-07",361,"awh","ker","awh",1,6,"5",,False,,2-10-2007,
"CUIK3-07",362,"awg","ker","awg",1,2,8,"4",,False,,2-10-2007,
"CUIK3-07",363,"awh","ker","awh",5,13,4,"5",,False,,2-10-2007,
"CUIK3-07",363,"VKL","KER","huttelm",7,47,4,"1",,False,"SB Huttenleem",2-10-2007,
"CUIK3-07",364,"awh","ker","awh",2,3,4,"5",,False,,2-10-2007,
"CUIK3-07",364,"NS","SXX","SXX",1,11,6,"7",,False,"ONBEWERKT",2-10-2007,
"CUIK3-07",365,"awh","ker","awh",12,251,2,"5",,False,,2-10-2007,
"CUIK3-07",366,"awh","KER","AW",3,8,6,"4",,False,,2-10-2007,
"CUIK3-07",367,"awh","ker","awh",24,405,4,"5",,False,,2-10-2007,
"CUIK3-07",368,"NS","SXX","SXX",1,21,2,"7",,False,"ONBEWERKT",2-10-2007,
"CUIK3-07",369,"VKL","KER","huttelm",13,21,"1",,False,,2-10-2007,
"CUIK3-07",370,"awh","ker","awh",2,3,6,"5",,False,,2-10-2007,
"CUIK3-07",371,"awh","ker","awh",9,65,6,"5",,False,,2-10-2007,
"CUIK3-07",372,"awh","ker","awh",10,36,"5",,False,,2-10-2007,
"CUIK3-07",372,"NS","SXX","SXX",2,10,4,"7",,False,"ONBEWERKT",2-10-2007,
"CUIK3-07",373,"awh","ker","awh",6,76,2,"5",,False,,2-10-2007,
"CUIK3-07",373,"NS","SXX","SXX",1,4,"7",,False,"ONBEWERKT",2-10-2007,
"CUIK3-07",374,"VKL","KER","huttelm",1,5,4,"1",,False,,2-10-2007,
"CUIK3-07",375,"awh","ker","awh",1,8,2,"5",,False,,2-10-2007,
"CUIK3-07",376,"awh","ker","awh",3,27,2,"8",,False,,2-10-2007,
"CUIK3-07",377,"awh","ker","awh",1,3,4,"5",,False,,2-10-2007,
"CUIK3-07",378,"awh","ker","awh",2,8,"5",,False,,2-10-2007,
"CUIK3-07",379,"awh","ker","awh",1,2,8,"5",,False,,2-10-2007,
"CUIK3-07",380,"awh","ker","awh",1,3,"5",,False,,2-10-2007,
"CUIK3-07",381,"awh","ker","awh",1,10,"5",,False,,2-10-2007,
"CUIK3-07",382,"awh","ker","awh",1,10,"5",,False,,2-10-2007,
"CUIK3-07",382,"VKL","KER","huttelm",2,80,2,"1",,False,"SBHuttenleem",2-10-2007,
"CUIK3-07",383,"awh","ker","awh",2,11,2,"5",,False,,2-10-2007,
"CUIK3-07",384,"awg","ker","awg",6,73,2,"4",,False,,2-10-2007,
"CUIK3-07",384,"VKL","KER","huttelm",2,7,2,"1",,False,,2-10-2007,
"CUIK3-07",385,"awh","ker","awh",24,358,2,"5",,False,,2-10-2007,
"CUIK3-07",386,"awh","ker","awh",1,14,4,"5",,False,,2-10-2007,
"CUIK3-07",387,"awg","ker","awg",5,15,2,"4",,False,,2-10-2007,
"CUIK3-07",387,"awh","ker","awh",3,19,"5",,False,,2-10-2007,
"CUIK3-07",387,"MET","MXX","MXX",1,32,,"afgestoten",False,,2-10-2007,
"CUIK3-07",387,"NS","SXX","SXX",3,32,"7",,False,"ONBEWERKT",2-10-2007,
"CUIK3-07",387,"VKL","KER","huttelm",8,62,6,"1",,False,,2-10-2007,
"CUIK3-07",387,"VST","SXX","SVU",3,45,"1",,False,"vuursteen",2-10-2007,
"CUIK3-07",388,"awg","ker","awg",1,13,6,"4",,False,,2-10-2007,
"CUIK3-07",388,"MET","MXX","MXX",2,57,4,,"afgestoten",False,,2-10-2007,
"CUIK3-07",388,"NS","SXX","SXX",10,705,2,"7",,False,"ONBEWERKT",2-10-2007,
"CUIK3-07",389,"awg","ker","awg",1,9,4,"4",,False,,2-10-2007,
"CUIK3-07",390,"awg","ker","awg",1,7,2,"4",,False,,2-10-2007,
"CUIK3-07",391,"awg","ker","awg",3,26,6,"4",,False,,2-10-2007,
"CUIK3-07",392,"AWG","KER","AWG",2,8,"5",,False,,7-1-2008,
"CUIK3-07",392,"awh","ker","awh",2,8,"5",,False,,2-10-2007,
"CUIK3-07",392,"VKL","KER","huttelm",4,140,6,"1",,False,,2-10-2007,
"CUIK3-07",393,"awh","ker","awh",2,41,6,"5",,False,,2-10-2007,
"CUIK3-07",393,"VKL","KER","huttelm",1,18,4,"1",,False,,2-10-2007,
"CUIK3-07",394,"awg","ker","awg",9,94,2,"4",,False,,2-10-2007,
"CUIK3-07",394,"MET","MXX","MXX",1,5,2,,"afgestoten",False,,2-10-2007,
"CUIK3-07",394,"VKL","KER","huttelm",6,85,"1",,False,,2-10-2007,
"CUIK3-07",395,"awh","ker","awh",1,11,"5",,False,,2-10-2007,
"CUIK3-07",396,"awh","ker","awh",1,7,4,"5",,False,,2-10-2007,
"CUIK3-07",397,"awh","ker","awh",4,33,"5",,False,,2-10-2007,
"CUIK3-07",397,"BW","KER","BOUWMAT",2,130,8,"6",,False,,2-10-2007,
"CUIK3-07",397,"MET","MXX","MXX",1,11,,"afgestoten",False,,2-10-2007,
"CUIK3-07",398,"MET","MXX","MXX",1,14,8,,"afgestoten",False,,2-10-2007,
"CUIK3-07",398,"NS","SXX","SXX",2,153,4,"7",,False,"ONBEWERKT",2-10-2007,
"CUIK3-07",399,"awh","ker","awh",1,17,"5",,False,,2-10-2007,
"CUIK3-07",400,"awh","ker","awh",7,47,4,"5",,False,,2-10-2007,
"CUIK3-07",401,"awh","KER","AWH",1,2,"3",,False,,1-10-2007,
"CUIK3-07",402,"awg","ker","awg",1,2,2,"4",,False,,1-10-2007,
"CUIK3-07",403,"awh","KER","AWH",1,5,2,"3",,False,,1-10-2007,
"CUIK3-07",403,"VST","SXX","SVU",1,5,1,"1",,False,"vuursteen",1-10-2007,
"CUIK3-07",404,"awh","KER","AWH",6,15,6,"3",,False,,1-10-2007,
"CUIK3-07",405,"awg","ker","awg",1,19,"4",,False,,2-10-2007,
"CUIK3-07",405,"awh","KER","AWH",5,35,2,"3",,False,,1-10-2007,
"CUIK3-07",406,"awh","KER","AWH",3,9,4,"3",,False,,1-10-2007,
"CUIK3-07",407,"awh","KER","AWH",1,2,4,"3",,False,,1-10-2007,
"CUIK3-07",408,"awh","KER","AWH",2,23,6,"3",,False,,1-10-2007,
"CUIK3-07",409,"awg","ker","awg",1,8,4,"4",,False,,2-10-2007,
"CUIK3-07",409,"awh","ker","AWH",2,5,"4",,False,,2-10-2007,
"CUIK3-07",410,"awh","ker","awh",18,102,6,"3",,False,,1-10-2007,
"CUIK3-07",410,"VST","SXX","SVU",1,1,2,"1",,False,"vuursteen",1-10-2007,
"CUIK3-07",411,"MET","MXX","MXX",1,4,8,,"afgestoten",False,,1-10-2007,
"CUIK3-07",412,"awh","ker","awh",23,60,4,"3",,False,,1-10-2007,
"CUIK3-07",412,"NS","SXX","SXX",3,9,6,"2",,False,"ONBEWERKT",1-10-2007,
"CUIK3-07",412,"VST","SXX","SVU",2,2,8,"1",,False,"vuursteen",1-10-2007,
"CUIK3-07",413,"awh","KER","AWH",1,4,"3",,False,,1-10-2007,
"CUIK3-07",414,"awh","KER","AWH",7,46,6,"3",,False,,1-10-2007,
"CUIK3-07",415,"awh","KER","AWH",1,6,"3",,False,,1-10-2007,
"CUIK3-07",416,"awh","KER","AWH",1,2,4,"3",,False,,1-10-2007,
"CUIK3-07",417,"awh","KER","AWH",2,20,2,"3",,False,,1-10-2007,
"CUIK3-07",418,"awh","KER","AWH",2,12,4,"3",,False,,1-10-2007,
"CUIK3-07",419,"awh","KER","AWH",1,9,4,"3",,False,,1-10-2007,
"CUIK3-07",420,"awh","KER","AWH",1,5,6,"3",,False,,1-10-2007,
"CUIK3-07",420,"NS","SXX","SXX",1,15,"2",,False,"ONBEWERKT",1-10-2007,
"CUIK3-07",421,"AWG","KER","AWG",1,3,2,"4",,False,,1-10-2007,
"CUIK3-07",421,"awh","KER","AWH",2,22,8,"4",,False,,1-10-2007,
"CUIK3-07",422,"awh","ker","awh",12,51,4,"3",,False,,1-10-2007,
"CUIK3-07",423,"awh","KER","AWH",5,38,"3",,False,,1-10-2007,
"CUIK3-07",424,"awh","KER","AWH",6,14,4,"3",,False,,1-10-2007,
"CUIK3-07",425,"awh","KER","AWH",1,7,4,"3",,False,,1-10-2007,
"CUIK3-07",426,"awh","KER","AWH",5,20,8,"3",,False,,1-10-2007,
"CUIK3-07",426,"VST","SXX","SVU",1,8,3,"1",,False,"vuursteen",1-10-2007,
"CUIK3-07",427,"awg","ker","awg",1,13,2,"4",,False,,1-10-2007,
"CUIK3-07",427,"awh","KER","awh",8,52,5,"3",,False,,1-10-2007,
"CUIK3-07",428,"awh","KER","AWH",5,16,4,"3",,False,,1-10-2007,
"CUIK3-07",429,"awh","KER","AWH",1,2,"3",,False,,1-10-2007,
"CUIK3-07",429,"BW","KER","BOUWMAT",1,16,4,"6",,False,,1-10-2007,
"CUIK3-07",430,"awh","KER","AWH",2,29,3,"3",,False,,1-10-2007,
"CUIK3-07",431,"NS","SXX","SXX",1,692,6,"7",,False,"ARTEFACT",2-10-2007,
"CUIK3-07",432,"awh","KER","AWH",9,21,2,"3",,False,,1-10-2007,
"CUIK3-07",433,"AWG","KER","AWG",1,4,8,"4",,False,,1-10-2007,
"CUIK3-07",433,"awh","KER","AWH",2,25,2,"4",,False,,1-10-2007,
"CUIK3-07",436,"awh","KER","AWH",1,6,4,"3",,False,,1-10-2007,
"CUIK3-07",437,"KER","KER","KER",1,36,8,"8",,False,,2-10-2007,
"CUIK3-07",438,"awh","KER","AWH",7,45,"3",,False,,1-10-2007,
"CUIK3-07",439,"awh","KER","AWH",10,110,6,"3",,False,,1-10-2007,
"CUIK3-07",439,"VST","SXX","SVU",1,67,2,"1",,False,"vuursteen",1-10-2007,
"CUIK3-07",440,"NS","SXX","SXX",1,292,4,"7",,False,"ARTEFACT",2-10-2007,
"CUIK3-07",441,"awh","KER","AWH",1,18,4,"3",,False,,1-10-2007,
"CUIK3-07",442,"awh","KER","AWH",1,14,"3",,False,,1-10-2007,
"CUIK3-07",443,"awh","KER","AWH",5,130,2,"3",,False,,1-10-2007,
"CUIK3-07",444,"awh","KER","AWH",6,121,"3",,False,,1-10-2007,
"CUIK3-07",445,"awh","ker","awh",23,167,2,"3",,False,,1-10-2007,
"CUIK3-07",445,"NS","SXX","SXX",1,9,2,"2",,False,"ONBEWERKT",1-10-2007,
"CUIK3-07",446,"awh","KER","AWH",1,6,"3",,False,,1-10-2007,
"CUIK3-07",447,"awh","KER","AWH",1,5,8,"3",,False,,1-10-2007,
"CUIK3-07",448,"awh","KER","AWH",3,44,"3",,False,,1-10-2007,
"CUIK3-07",449,"awh","ker","awh",5,287,"8",,False,,1-10-2007,
"CUIK3-07",451,"awg","ker","awg",1,10,"4",,False,,10-10-2007,
"CUIK3-07",452,"AWH","KER","AWH",2,24,4,"5",,False,,10-10-2007,
"CUIK3-07",453,"AWH","KER","AWH",1,5,"5",,False,,10-10-2007,
"CUIK3-07",454,"awh","KER","AWH",1,9,4,"3",,False,,1-10-2007,
"CUIK3-07",455,"awh","ker","awh",3,5,2,"5",,False,,2-10-2007,
"CUIK3-07",455,"VST","SXX","SVU",2,1,8,"1",,False,"vuursteen",2-10-2007,
"CUIK3-07",456,"awh","KER","AWH",2,11,"3",,False,,1-10-2007,
"CUIK3-07",457,"NS","SXX","SXX",1,66,4,"2",,False,"ONBEWERKT",1-10-2007,
"CUIK3-07",457,"VST","SXX","SVU",1,38,4,"1",,False,"vuursteen",1-10-2007,
"CUIK3-07",458,"awg","ker","awg",5,74,"4",,False,,1-10-2007,
"CUIK3-07",458,"BW","KER","BOUWMAT",1,1017,2,"6",,False,,1-10-2007,
"CUIK3-07",459,"awh","KER","AWH",13,53,"3",,False,,1-10-2007,
"CUIK3-07",459,"NS","SXX","SXX",2,17,8,"2",,False,"ONBEWERKT",1-10-2007,
"CUIK3-07",460,"awh","KER","AWH",1,6,9,"3",,False,,1-10-2007,
"CUIK3-07",460,"BW","KER","BOUWMAT",1,8,4,"6",,False,,1-10-2007,
"CUIK3-07",460,"NS","SXX","SXX",1,3,7,"2",,False,"ONBEWERKT",1-10-2007,
"CUIK3-07",461,"awh","ker","awh",14,55,4,"3",,False,,1-10-2007,
"CUIK3-07",461,"VST","SXX","SVU",2,15,4,"1",,False,"vuursteen",1-10-2007,
"CUIK3-07",462,"awh","ker","awh",2,5,4,"3",,False,,1-10-2007,
"CUIK3-07",462,"NS","SXX","SXX",1,57,2,"2",,False,"ARTEFACT",1-10-2007,
"CUIK3-07",463,"awh","ker","awh",4,24,8,"3",,False,,1-10-2007,
"CUIK3-07",463,"VST","SXX","SVU",1,21,"1",,False,"vuursteen",1-10-2007,
"CUIK3-07",464,"awh","KER","AWH",4,37,8,"3",,False,,1-10-2007,
"CUIK3-07",464,"BW","KER","BOUWMAT",1,3,"6",,False,,1-10-2007,
"CUIK3-07",465,"awh","KER","AWH",3,12,6,"3",,False,,1-10-2007,
"CUIK3-07",466,"awh","KER","AWH",1,3,2,"3",,False,,1-10-2007,
"CUIK3-07",467,"awh","KER","AWH",1,0,8,"3",,False,,1-10-2007,
"CUIK3-07",468,"awh","KER","AWH",27,159,"8",,False,,1-10-2007,
"CUIK3-07",468,"NS","SXX","SXX",1,10,5,"2",,False,"ONBEWERKT",1-10-2007,
"CUIK3-07",469,"awh","KER","AWH",1,10,6,"3",,False,,1-10-2007,
"CUIK3-07",470,"awh","ker","awh",2,4,4,"3",,False,,1-10-2007,
"CUIK3-07",471,"awg","ker","awg",1,21,8,"4",,False,,1-10-2007,
"CUIK3-07",472,"awh","ker","awh",4,5,"3",,False,,1-10-2007,
"CUIK3-07",472,"VST","SXX","SVU",1,2,6,"1",,False,"vuursteen",1-10-2007,
"CUIK3-07",473,"awh","KER","AWH",2,7,"3",,False,,1-10-2007,
"CUIK3-07",474,"awh","KER","AWH",2,8,2,"3",,False,,1-10-2007,
"CUIK3-07",475,"awh","KER","AWH",1,1,2,"3",,False,,1-10-2007,
"CUIK3-07",476,"awh","ker","awh",4,115,4,"3",,False,,1-10-2007,
"CUIK3-07",477,"awh","KER","AWH",1,5,"3",,False,,1-10-2007,
"CUIK3-07",478,"awh","KER","AWH",4,18,9,"3",,False,,1-10-2007,
"CUIK3-07",479,"AWH","ker","AWH",1,12,8,"3",,False,,11-10-2007,
"CUIK3-07",480,"awh","KER","AWH",5,11,2,"3",,False,,1-10-2007,
"CUIK3-07",480,"NS","SXX","SXX",1,6,6,"2",,False,"ONBEWERKT",1-10-2007,
"CUIK3-07",480,"VST","SXX","SVU",2,0,2,"1",,False,"vuursteen",1-10-2007,
"CUIK3-07",481,"awh","KER","AWH",22,90,3,"3",,False,,1-10-2007,
"CUIK3-07",481,"KER","KER","KER",2,342,"8",,False,,1-10-2007,
"CUIK3-07",481,"NS","SXX","SXX",1,38,8,"2",,False,"ONBEWERKT",1-10-2007,
"CUIK3-07",482,"NS","SXX","SXX",3,5,2,"2",,False,"ONBEWERKT",1-10-2007,
"CUIK3-07",483,"awh","KER","AWH",3,29,2,"3",,False,,1-10-2007,
"CUIK3-07",484,"awh","KER","AWH",1,5,"3",,False,,1-10-2007,
"CUIK3-07",485,"awg","ker","awg",2,9,8,"4",,False,,1-10-2007,
"CUIK3-07",485,"BW","KER","BOUWMAT",1,18,2,"6",,False,,1-10-2007,
"CUIK3-07",485,"MET","MXX","MXX",1,18,2,,"afgestoten",False,,1-10-2007,
"CUIK3-07",485,"NS","SXX","SXX",1,15,2,"2",,False,"ONBEWERKT",1-10-2007,
"CUIK3-07",486,"awh","KER","AWH",1,3,6,"3",,False,,1-10-2007,
"CUIK3-07",487,"ZF25","ZF25","ZF25",,,,"afgestoten",False,,4-12-2007,
"CUIK3-07",488,"awh","KER","AWH",1,4,"3",,False,,1-10-2007,
"CUIK3-07",489,"awh","KER","AWH",1,4,7,"3",,False,,1-10-2007,
"CUIK3-07",490,"awh","KER","AWH",4,60,2,"8",,False,,1-10-2007,
"CUIK3-07",491,"awh","KER","AWH",2,2,6,"3",,False,,1-10-2007,
"CUIK3-07",492,"awh","KER","AWH",2,33,2,"3",,False,,1-10-2007,
"CUIK3-07",494,"NS","SXX","SXX",1,81,2,"2",,False,"ONBEWERKT",1-10-2007,
"CUIK3-07",495,"awh","KER","AWH",1,3,"3",,False,,1-10-2007,
"CUIK3-07",496,"awh","KER","AWH",2,15,2,"3",,False,,1-10-2007,
"CUIK3-07",497,"awh","ker","awh",1,4,"3",,False,,1-10-2007,
"CUIK3-07",498,"awh","KER","AWH",2,2,8,"3",,False,,1-10-2007,
"CUIK3-07",499,"awh","KER","AWH",1,8,8,"3",,False,,1-10-2007,
"CUIK3-07",500,"awh","KER","AWH",3,19,2,"3",,False,,1-10-2007,
"CUIK3-07",636,"awh","ker","awh",19,95,3,"3",,False,,1-10-2007,
"CUIK3-07",636,"NS","SXX","SXX",1,90,4,"2",,False,"ONBEWERKT",1-10-2007,
"CUIK3-07",637,"awh","KER","AWH",1,1,"3",,False,,1-10-2007,
"CUIK3-07",638,"awh","KER","AWH",2,4,4,"3",,False,,1-10-2007,
"CUIK3-07",639,"awg","ker","awg",3,7,2,"4",,False,,1-10-2007,
"CUIK3-07",639,"awh","KER","AWH",1,4,4,"3",,False,,1-10-2007,
"CUIK3-07",640,"awg","ker","awg",1,5,8,"4",,False,,2-10-2007,
"CUIK3-07",640,"awh","KER","AWH",2,4,8,"3",,False,,1-10-2007,
"CUIK3-07",641,"awh","KER","AWH",1,3,6,"3",,False,,1-10-2007,
"CUIK3-07",642,"awh","KER","AWH",1,2,4,"3",,False,,1-10-2007,
"CUIK3-07",643,"awh","KER","AWH",23,188,4,"3",,False,,1-10-2007,
"CUIK3-07",643,"NS","SXX","SXX",1,27,8,"2",,False,"ONBEWERKT",1-10-2007,
"CUIK3-07",643,"VST","SXX","SVU",1,13,6,"1",,False,"vuursteen",1-10-2007,
"CUIK3-07",644,"AWG","KER","AWG",1,15,"4",,False,,1-10-2007,
"CUIK3-07",644,"awh","KER","AWH",19,110,4,"4",,False,,1-10-2007,
"CUIK3-07",645,"awg","ker","awg",12,271,6,"4",,False,,1-10-2007,
"CUIK3-07",645,"VST","SXX","SVU",1,147,4,"1",,False,"vuursteen",1-10-2007,
"CUIK3-07",646,"awh","KER","AWH",2,438,"3",,False,,1-10-2007,
"CUIK3-07",647,"awg","ker","awg",1,62,2,"4",,False,,1-10-2007,
"CUIK3-07",648,"ZF25","ZF25","ZF25",,,,"afgestoten",False,,4-12-2007,
"CUIK3-07",650,"ZAD","OPX","OPX",62,19,6,"1",,False,,2-10-2007,
"CUIK3-07",651,"awh","KER","AWH",4,12,2,"3",,False,,1-10-2007,
"CUIK3-07",651,"NS","SXX","SXX",1,17,6,"2",,False,"ONBEWERKT",1-10-2007,
"CUIK3-07",652,"awh","KER","AWH",1,23,2,"3",,False,,1-10-2007,
"CUIK3-07",653,"awh","KER","AWH",2,10,"3",,False,,1-10-2007,
"CUIK3-07",653,"VST","SXX","SVU",1,7,"1",,False,"vuursteen",1-10-2007,
"CUIK3-07",654,"awh","KER","AWH",1,4,6,"3",,False,,1-10-2007,
"CUIK3-07",655,"awh","KER","AWH",1,1,6,"3",,False,,1-10-2007,
"CUIK3-07",656,"awh","KER","AWH",5,46,4,"3",,False,,1-10-2007,
"CUIK3-07",657,"awh","KER","AWH",1,11,6,"3",,False,,1-10-2007,
"CUIK3-07",658,"awh","KER","AWH",2,14,2,"3",,False,,1-10-2007,
"CUIK3-07",659,"awg","ker","awg",2,29,4,"4",,False,,1-10-2007,
"CUIK3-07",660,"awg","ker","awg",1,16,2,"4",,False,,1-10-2007,
"CUIK3-07",661,"awh","KER","AWH",3,16,8,"3",,False,,1-10-2007,
"CUIK3-07",662,"AWG","KER","AWG",1,6,"4",,False,,13-12-2007,
"CUIK3-07",662,"awh","KER","AWH",4,4,"3",,False,,1-10-2007,
"CUIK3-07",662,"VST","SXX","SVU",1,5,6,"1",,False,"vuursteen",1-10-2007,
"CUIK3-07",663,"awh","KER","AWH",2,6,4,"3",,False,,1-10-2007,
"CUIK3-07",663,"NS","SXX","SXX",1,18,2,"2",,False,"ONBEWERKT",1-10-2007,
"CUIK3-07",664,"awh","KER","AWH",1,10,8,"3",,False,,1-10-2007,
"CUIK3-07",665,"awh","KER","AWH",5,19,8,"3",,False,,1-10-2007,
"CUIK3-07",665,"NS","SXX","SXX",1,1052,6,"2",,False,"ONBEWERKT",1-10-2007,
"CUIK3-07",666,"awg","ker","awg",1,0,8,"4",,False,,1-10-2007,
"CUIK3-07",666,"awh","KER","AWH",4,19,2,"3",,False,,1-10-2007,
"CUIK3-07",667,"NS","SXX","SXX",1,1061,"2",,False,"ONBEWERKT",1-10-2007,
"CUIK3-07",668,"awh","KER","AWH",3,31,4,"3",,False,,1-10-2007,
"CUIK3-07",668,"NS","SXX","SXX",2,14,5,"2",,False,"ONBEWERKT",1-10-2007,
"CUIK3-07",669,"awh","KER","AWH",3,17,6,"3",,False,,1-10-2007,
"CUIK3-07",669,"VST","SXX","SVU",1,0,8,"1",,False,"vuursteen",1-10-2007,
"CUIK3-07",670,"awh","ker","awh",50,138,"3",,False,,1-10-2007,
"CUIK3-07",670,"NS","SXX","SXX",5,112,4,"2",,False,"ONBEWERKT",1-10-2007,
"CUIK3-07",670,"VST","SXX","SVU",1,5,"1",,False,"vuursteen",1-10-2007,
"CUIK3-07",671,"awh","KER","AWH",2,61,"3",,False,,1-10-2007,
"CUIK3-07",672,"awh","KER","AWH",2,11,4,"3",,False,,1-10-2007,
"CUIK3-07",673,"awh","KER","AWH",25,117,"3",,False,,1-10-2007,
"CUIK3-07",673,"NS","SXX","SXX",3,88,7,"2",,False,"ONBEWERKT",1-10-2007,
"CUIK3-07",673,"PIJP","KER","PIJP",1,4,"1",,False,,1-10-2007,
"CUIK3-07",673,"SLK","MXX","SLAK",1,16,"1",,False,,1-10-2007,
"CUIK3-07",674,"awh","KER","AWH",1,10,2,"3",,False,,1-10-2007,
"CUIK3-07",675,"awh","KER","AWH",11,54,4,"3",,False,,1-10-2007,
"CUIK3-07",675,"NS","SXX","SXX",2,57,2,"2",,False,"ONBEWERKT",1-10-2007,
"CUIK3-07",675,"VST","SXX","SVU",1,278,4,"1",,False,"vuursteen",1-10-2007,
"CUIK3-07",676,"awh","KER","AWH",1,4,8,"3",,False,,1-10-2007,
"CUIK3-07",676,"NS","SXX","SXX",1,652,"2",,False,"ONBEWERKT",1-10-2007,
"CUIK3-07",677,"awh","KER","AWH",4,15,8,"3",,False,,1-10-2007,
"CUIK3-07",678,"MET","MXX","MXX",2,8,8,,"afgestoten",False,,1-10-2007,
"CUIK3-07",679,"awh","KER","AWH",30,83,"3",,False,,1-10-2007,
"CUIK3-07",680,"awh","KER","AWH",15,38,4,"3",,False,,1-10-2007,
"CUIK3-07",680,"NS","SXX","SXX",1,31,"2",,False,"ONBEWERKT",1-10-2007,
"CUIK3-07",680,"SLK","MXX","SLAK",1,5,41,"1",,False,,1-10-2007,
"CUIK3-07",681,"awh","KER","AWH",1,52,6,"3",,False,,1-10-2007,
"CUIK3-07",682,"awh","KER","AWH",1,5,4,"3",,False,,1-10-2007,
"CUIK3-07",683,"awh","KER","AWH",9,12,7,"3",,False,,1-10-2007,
"CUIK3-07",684,"awg","ker","awg",1,9,6,"4",,False,,2-10-2007,
"CUIK3-07",684,"awh","ker","AWH",11,44,2,"4",,False,,2-10-2007,
"CUIK3-07",684,"NS","SXX","SXX",1,47,8,"2",,False,"ARTEFACT",1-10-2007,
"CUIK3-07",685,"awg","ker","awg",2,11,4,"4",,False,,1-10-2007,
"CUIK3-07",686,"awh","KER","AWH",8,41,2,"3",,False,,1-10-2007,
"CUIK3-07",687,"awh","KER","AWH",2,9,"3",,False,,1-10-2007,
"CUIK3-07",687,"MET","MXX","MXX",1,119,6,,"afgestoten",False,,1-10-2007,
"CUIK3-07",687,"NS","SXX","SXX",1,14,8,"2",,False,"ONBEWERKT",1-10-2007,
"CUIK3-07",688,"awh","KER","AWH",1,12,"3",,False,,1-10-2007,
"CUIK3-07",689,"NS","SXX","SXX",1,5,1,"2",,False,"ONBEWERKT",1-10-2007,
"CUIK3-07",690,"awh","KER","AWH",1,3,4,"3",,False,,1-10-2007,
"CUIK3-07",691,"awh","KER","AWH",1,5,6,"3",,False,,1-10-2007,
"CUIK3-07",692,"awh","KER","AWH",1,5,2,"3",,False,,1-10-2007,
"CUIK3-07",693,"awh","KER","AWH",2,7,4,"3",,False,,1-10-2007,
"CUIK3-07",694,"awh","KER","AWH",2,6,"3",,False,,1-10-2007,
"CUIK3-07",695,"awh","KER","AWH",2,9,8,"3",,False,,1-10-2007,
"CUIK3-07",696,"awh","KER","AWH",3,11,"3",,False,,1-10-2007,
"CUIK3-07",696,"NS","SXX","SXX",1,5,2,"2",,False,"ONBEWERKT",1-10-2007,
"CUIK3-07",697,"awh","KER","AWH",1,5,8,"3",,False,,1-10-2007,
"CUIK3-07",698,"awh","KER","AWH",2,14,8,"3",,False,,1-10-2007,
"CUIK3-07",699,"awh","KER","AWH",1,9,2,"3",,False,,1-10-2007,
"CUIK3-07",700,"awh","KER","AWH",3,12,8,"3",,False,,1-10-2007,
"CUIK3-07",701,"awh","KER","AWH",1,5,2,"3",,False,,1-10-2007,
"CUIK3-07",702,"awg","ker","awg",4,8,8,"4",,False,,2-10-2007,
"CUIK3-07",702,"awh","ker","AWH",11,32,2,"4",,False,,2-10-2007,
"CUIK3-07",703,"awh","KER","AWH",3,28,"3",,False,,1-10-2007,
"CUIK3-07",704,"awh","ker","awh",2,8,8,"3",,False,,1-10-2007,
"CUIK3-07",705,"awh","KER","AWH",3,37,2,"3",,False,,1-10-2007,
"CUIK3-07",706,"awh","KER","AWH",1,4,2,"3",,False,,1-10-2007,
"CUIK3-07",707,"awh","KER","AWH",1,1,2,"3",,False,,1-10-2007,
"CUIK3-07",708,"awh","KER","AWH",1,1,6,"3",,False,,1-10-2007,
"CUIK3-07",709,"NS","SXX","SXX",1,157,"2",,False,"ONBEWERKT",1-10-2007,
"CUIK3-07",710,"awg","ker","awg",1,29,8,"4",,False,,2-10-2007,
"CUIK3-07",710,"awh","ker","AWH",6,11,4,"4",,False,,2-10-2007,
"CUIK3-07",711,"awg","ker","awg",5,95,"4",,False,,1-10-2007,
"CUIK3-07",712,"awg","ker","awg",2,53,"4",,False,,1-10-2007,
"CUIK3-07",712,"awh","KER","AWH",2,4,6,"3",,False,,1-10-2007,
"CUIk3-07",712,"BW","KER","BOUWMAT",19,516,2,"6",,False,,1-10-2007,
"CUIK3-07",713,"BW","KER","BOUWMAT",2,77,6,"6",,False,,1-10-2007,
"CUIK3-07",714,"awh","KER","AWH",3,12,6,"3",,False,,1-10-2007,
"CUIK3-07",715,"awh","KER","AWH",28,167,3,"3",,False,,1-10-2007,
"CUIK3-07",715,"NS","SXX","SXX",1,27,2,"2",,False,"ONBEWERKT",1-10-2007,
"CUIK3-07",716,"MET","mxX","MXX",1,518,,"afgestoten",False,,18-9-2007,
"CUIK3-07",717,"MET","MXX","MXX",2,52,6,,"afgestoten",False,,18-9-2007,
"CUIK3-07",718,"awh","KER","AWH",1,4,8,"3",,False,,1-10-2007,
"CUIK3-07",718,"SLK","MXX","SLAK",4,33,8,"1",,False,,1-10-2007,
"CUIK3-07",719,"VST","SXX","SVU",1,0,4,"1",,False,"vuursteen",2-10-2007,
"CUIK3-07",720,"awh","KER","AWH",1,3,"3",,False,,1-10-2007,
"CUIK3-07",721,"awh","ker","awh",34,170,6,"3",,False,,1-10-2007,
"CUIK3-07",722,"awh","KER","AWH",18,97,8,"3",,False,,1-10-2007,
"CUIK3-07",723,"awh","KER","AWH",5,18,"3",,False,,1-10-2007,
"CUIK3-07",724,"awg","ker","awg",1,72,6,"4",,False,,2-10-2007,
"CUIK3-07",724,"awh","ker","AWH",2,16,6,"4",,False,,2-10-2007,
"CUIK3-07",725,"awh","KER","AWH",3,20,6,"3",,False,,1-10-2007,
"CUIK3-07",727,"ZF25","ZF25","ZF25",,,,"afgestoten",False,,4-12-2007,
"CUIK3-07",728,"awh","KER","AWH",1,5,"3",,False,,1-10-2007,
"CUIK3-07",729,"awh","KER","AWH",1,12,"3",,False,,1-10-2007,
"CUIK3-07",730,"awh","KER","AWH",2,13,8,"3",,False,,1-10-2007,
"CUIK3-07",731,"NS","SXX","SXX",1,37,"2",,False,"ONBEWERKT",1-10-2007,
"CUIK3-07",732,"awh","KER","AWH",2,13,2,"3",,False,,1-10-2007,
"CUIK3-07",733,"awh","KER","AWH",25,262,"3",,False,,1-10-2007,
"CUIK3-07",733,"NS","SXX","SXX",9,14,6,"1",,False,"ONBEWERKT",1-10-2007,
"CUIK3-07",735,"awh","KER","AWH",1,3,2,"3",,False,,1-10-2007,
"CUIK3-07",736,"awh","KER","AWH",1,5,8,"3",,False,,1-10-2007,
"CUIK3-07",737,"awh","KER","AWH",2,27,8,"3",,False,,1-10-2007,
"CUIK3-07",738,"awh","KER","AWH",3,6,"3",,False,,1-10-2007,
"CUIK3-07",738,"NS","SXX","SXX",1,28,4,"2",,False,"ONBEWERKT",1-10-2007,
"CUIK3-07",739,"awg","ker","awg",1,3,"4",,False,,1-10-2007,
"CUIK3-07",739,"VST","SXX","SVU",1,0,6,"1",,False,"vuursteen",1-10-2007,
"CUIK3-07",740,"awg","ker","awg",1,18,2,"4",,False,,1-10-2007,
"CUIK3-07",741,"awg","ker","awg",1,20,8,"4",,False,,1-10-2007,
"CUIK3-07",742,"awg","ker","awg",2,4,8,"4",,False,,1-10-2007,
"CUIK3-07",742,"awh","ker","awh",35,165,6,"8",,False,,1-10-2007,
"CUIK3-07",742,"BW","KER","BOUWMAT",1,3,2,"6",,False,,1-10-2007,
"CUIK3-07",742,"NS","SXX","SXX",3,64,6,"2",,False,"ONBEWERKT",1-10-2007,
"CUIK3-07",742,"VST","SXX","SVU",1,1,4,"1",,False,"vuursteen",1-10-2007,
"CUIK3-07",743,"awh","KER","AWH",2,74,4,"3",,False,,1-10-2007,
"CUIK3-07",744,"awh","KER","AWH",3,2,4,"3",,False,,1-10-2007,
"CUIK3-07",744,"NS","SXX","SXX",4,17,4,"2",,False,"ONBEWERKT",1-10-2007,
"CUIK3-07",745,"awg","ker","awg",1,2,8,"4",,False,,2-10-2007,
"CUIK3-07",745,"awh","KER","AWH",35,335,"8",,False,,1-10-2007,
"CUIK3-07",745,"NS","SXX","SXX",3,54,"2",,False,"ONBEWERKT",1-10-2007,
"CUIK3-07",746,"awh","KER","AWH",35,114,6,"3",,False,,1-10-2007,
"CUIK3-07",746,"NS","SXX","SXX",1,25,8,"2",,False,"ONBEWERKT",1-10-2007,
"CUIK3-07",746,"VST","SXX","SVU",1,3,"1",,False,"vuursteen",1-10-2007,
"CUIK3-07",747,"awg","ker","awg",1,18,"4",,False,,1-10-2007,
"CUIK3-07",747,"awh","KER","AWH",38,201,5,"3",,False,,1-10-2007,
"CUIK3-07",747,"VST","SXX","SVU",2,8,5,"1",,False,"vuursteen",1-10-2007,
"CUIK3-07",748,"awh","KER","AWH",31,151,2,"3",,False,,1-10-2007,
"CUIK3-07",748,"NS","SXX","SXX",2,46,8,"2",,False,"ONBEWERKT",1-10-2007,
"CUIK3-07",748,"VST","SXX","SVU",1,42,8,"1",,False,"vuursteen",1-10-2007,
"CUIK3-07",749,"awh","KER","AWH",13,117,2,"3",,False,,1-10-2007,
"CUIK3-07",749,"NS","SXX","SXX",22,76,1,"2",,False,"ONBEWERKT",1-10-2007,
"CUIK3-07",750,"awh","ker","awh",4,28,8,"3",,False,,1-10-2007,
"CUIK3-07",750,"NS","SXX","SXX",2,109,2,"2",,False,"ONBEWERKT",1-10-2007,
"CUIK3-07",751,"AWG","KER","AWG",2,22,"4",,False,,1-10-2007,
"CUIK3-07",751,"awh","KER","AWH",35,219,"4",,False,,1-10-2007,
"CUIK3-07",751,"NS","SXX","SXX",4,96,2,"2",,False,"ONBEWERKT",1-10-2007,
"CUIK3-07",751,"VST","SXX","SVU",1,148,8,"1",,False,"vuursteen",1-10-2007,
"CUIK3-07",752,"awh","KER","AWH",16,176,8,"3",,False,,1-10-2007,
"CUIK3-07",752,"NS","SXX","SXX",3,152,2,"2",,False,"ONBEWERKT",1-10-2007,
"CUIK3-07",753,"awg","ker","awg",12,415,"4",,False,,2-10-2007,
"CUIK3-07",753,"awh","ker","awh",6,1004,"3",,False,,1-10-2007,
"CUIK3-07",754,"awh","KER","AWH",1,2,4,"3",,False,,1-10-2007,
"CUIK3-07",755,"awg","ker","awg",3,74,6,"4",,False,,1-10-2007,
"CUIK3-07",756,"awh","KER","AWH",4,27,4,"3",,False,,1-10-2007,
"CUIK3-07",759,"awh","KER","AWH",8,30,6,"3",,False,,1-10-2007,
"CUIK3-07",759,"BW","KER","BOUWMAT",3,1294,9,"6",,False,,1-10-2007,
"CUIK3-07",760,"awh","KER","AWH",5,12,6,"3",,False,,1-10-2007,
"CUIK3-07",760,"NS","SXX","SXX",2,27,8,"2",,False,"ONBEWERKT",1-10-2007,
"CUIK3-07",761,"awh","KER","AWH",4,7,4,"3",,False,,1-10-2007,
"CUIK3-07",761,"NS","SXX","SXX",1,1,4,"2",,False,"ONBEWERKT",1-10-2007,
"CUIK3-07",762,"AWG","KER","AWG",1,5,2,"4",,False,,13-12-2007,
"CUIK3-07",762,"awh","KER","AWH",5,4,"3",,False,,1-10-2007,
"CUIK3-07",762,"NS","SXX","SXX",1,4,2,"2",,False,"ONBEWERKT",1-10-2007,
"CUIK3-07",763,"awh","KER","AWH",1,16,"3",,False,,1-10-2007,
"CUIK3-07",763,"NS","SXX","SXX",1,1,2,"2",,False,"ONBEWERKT",1-10-2007,
"CUIK3-07",764,"awh","KER","AWH",3,6,"3",,False,,1-10-2007,
"CUIK3-07",764,"VST","SXX","SVU",1,2,6,"1",,False,"vuursteen",1-10-2007,
"CUIK3-07",765,"awh","KER","AWH",28,68,"3",,False,,1-10-2007,
"CUIK3-07",765,"GLS","GLS","GLS",1,0,5,"1",,False,,1-10-2007,
"CUIK3-07",766,"awh","KER","AWH",2,6,2,"3",,False,,1-10-2007,
"CUIK3-07",767,"awg","ker","awg",2,23,2,"4",,False,,1-10-2007,
"CUIK3-07",767,"MET","MXX","MXX",1,83,7,,"afgestoten",False,,1-10-2007,
"CUIK3-07",767,"PIJP","KER","PIJP",1,6,4,"1",,False,,1-10-2007,
"CUIK3-07",768,"awh","KER","AWH",3,12,"3",,False,,1-10-2007,
"CUIK3-07",769,"awh","KER","AWH",3,8,4,"3",,False,,1-10-2007,
"CUIK3-07",770,"awh","KER","AWH",33,142,4,"8",,False,,1-10-2007,
"CUIK3-07",771,"awh","ker","awh",11,48,"3",,False,,1-10-2007,
"CUIK3-07",772,"awg","ker","awg",4,107,8,"4",,False,,1-10-2007,
"CUIK3-07",772,"awh","KER","AWH",4,30,6,"3",,False,,1-10-2007,
"CUIK3-07",773,"awh","KER","AWH",1,6,2,"3",,False,,1-10-2007,
"CUIK3-07",774,"AWH","KER","AWH",1,4,2,"5",,False,,10-10-2007,
"CUIK3-07",775,"BT","OXX","OXB",1,2,"1",,False,,2-10-2007,
"CUIK3-07",775,"HK","OXX","OPH",1,2,,"afgestoten",False,,2-10-2007,
"CUIK3-07",775,"NS","SXX","SXX",3,11,"7",,False,"ONBEWERKT",2-10-2007,
"CUIK3-07",775,"VKL","KER","huttelm",18,39,8,"1",,False,,2-10-2007,
"CUIK3-07",776,"VST","SXX","SVU",1,3,6,"1",,False,"vuursteen",2-10-2007,
"CUIK3-07",777,"awh","KER","AW",1,17,4,"4",,False,,2-10-2007,
"CUIK3-07",778,"awg","ker","awg",3,28,8,"4",,False,,2-10-2007,
"CUIK3-07",778,"awh","ker","awh",2,25,8,"5",,False,,2-10-2007,
"CUIK3-07",778,"NS","SXX","SXX",1,5,6,"7",,False,"ONBEWERKT",2-10-2007,
"CUIK3-07",779,"awh","ker","awh",2,14,2,"5",,False,,2-10-2007,
"CUIK3-07",780,"awh","ker","awh",4,47,8,"5",,False,,2-10-2007,
"CUIK3-07",780,"VKL","KER","huttelm",5,49,4,"1",,False,,2-10-2007,
"CUIK3-07",781,"awg","ker","awg",3,48,2,"4",,False,,2-10-2007,
"CUIK3-07",781,"awh","ker","awh",1,13,"5",,False,,2-10-2007,
"CUIK3-07",782,"awh","ker","awh",1,71,"5",,False,,2-10-2007,
"CUIK3-07",783,"AWG","KER","AWG",2,32,6,"4",,False,,2-10-2007,
"CUIK3-07",784,"awg","ker","awg",3,19,"4",,False,,10-10-2007,
"CUIK3-07",785,"awh","ker","awh",2,14,"5",,False,,2-10-2007,
"CUIK3-07",786,"awg","ker","awg",1,16,"4",,False,,2-10-2007,
"CUIK3-07",786,"NS","SXX","SXX",1,46,8,"7",,False,"ONBEWERKT",2-10-2007,
"CUIK3-07",786,"VKL","KER","huttelm",1,10,2,"1",,False,,2-10-2007,
"CUIK3-07",787,"awg","ker","awg",1,6,4,"4",,False,,2-10-2007,
"CUIK3-07",788,"awg","ker","awg",2,36,7,"4",,False,,10-10-2007,
"CUIK3-07",789,"AWG","KER","AWG",1,11,"5",,False,,7-1-2008,
"CUIK3-07",789,"awh","ker","awh",6,39,6,"5",,False,,2-10-2007,
"CUIK3-07",789,"VST","SXX","SVU",1,37,2,"1",,False,"vuursteen",2-10-2007,
"CUIK3-07",790,"awh","ker","awh",2,15,4,"5",,False,,2-10-2007,
"CUIK3-07",791,"AWG","KER","AWG",2,16,"5",,False,,7-1-2008,
"CUIK3-07",791,"awh","ker","awh",4,20,2,"5",,False,,2-10-2007,
"CUIK3-07",791,"NS","SXX","SXX",1,70,8,"7",,False,"ONBEWERKT",2-10-2007,
"CUIK3-07",791,"VKL","KER","huttelm",5,49,4,"1",,False,"SB Huttenleem",2-10-2007,
"CUIK3-07",792,"awg","ker","awg",3,37,4,"4",,False,,2-10-2007,
"CUIK3-07",792,"awh","ker","AWH",1,13,6,"5",,False,,2-10-2007,
"CUIK3-07",793,"awg","ker","awg",2,42,"4",,False,,2-10-2007,
"CUIK3-07",793,"MET","MXX","MXX",1,59,,"afgestoten",False,,2-10-2007,
"CUIK3-07",793,"NS","SXX","SXX",1,20,"7",,False,"ONBEWERKT",2-10-2007,
"CUIK3-07",794,"NS","SXX","SXX",1,24,4,"7",,False,"ONBEWERKT",2-10-2007,
"CUIK3-07",795,"awh","ker","awh",4,15,6,"5",,False,,2-10-2007,
"CUIK3-07",796,"awg","ker","awg",1,6,"4",,False,,10-10-2007,
"CUIK3-07",796,"AWH","KER","AWH",1,10,6,"5",,False,,10-10-2007,
"CUIK3-07",797,"awh","ker","awh",1,6,2,"5",,False,,2-10-2007,
"CUIK3-07",798,"AWH","KER","AWH",1,13,4,"5",,False,,10-10-2007,
"CUIK3-07",798,"HK","OXX","oph",1,0,1,"1",,False,,10-10-2007,
"CUIK3-07",799,"AWH","KER","AWH",1,25,2,"5",,False,,10-10-2007,
"CUIK3-07",800,"awh","ker","awh",4,7,"5",,False,,2-10-2007,
"CUIK3-07",801,"awh","ker","awh",1,4,8,"5",,False,,2-10-2007,
"CUIK3-07",802,"awh","ker","awh",4,7,8,"5",,False,,2-10-2007,
"CUIK3-07",802,"VST","SXX","SVU",1,2,2,"1",,False,"vuursteen",2-10-2007,
"CUIK3-07",803,"awh","ker","awh",2,5,8,"5",,False,,2-10-2007,
"CUIK3-07",804,"NS","SXX","SXX",1,16,8,"7",,False,"ONBEWERKT",2-10-2007,
"CUIK3-07",805,"awh","ker","awh",2,6,4,"5",,False,,2-10-2007,
"CUIK3-07",806,"awh","ker","awh",1,3,"5",,False,,2-10-2007,
"CUIK3-07",807,"awh","ker","awh",2,9,"5",,False,,2-10-2007,
"CUIK3-07",808,"awh","ker","awh",2,17,"5",,False,,2-10-2007,
"CUIK3-07",809,"BT","OXX","OXB",2,1,8,"1",,False,,2-10-2007,
"CUIK3-07",811,"awh","ker","awh",46,934,2,"5",,False,,2-10-2007,
"CUIK3-07",811,"VST","SXX","SVU",1,3,8,"1",,False,"vuursteen",2-10-2007,
"CUIK3-07",812,"awh","ker","awh",62,864,6,"8",,False,,2-10-2007,
"CUIK3-07",812,"NS","SXX","SXX",5,86,2,"7",,False,"ONBEWERKT",2-10-2007,
"CUIK3-07",813,"awh","ker","awh",9,244,6,"5",,False,,2-10-2007,
"CUIK3-07",813,"NS","SXX","SXX",3,422,2,"7",,False,"ONBEWERKT",2-10-2007,
"CUIK3-07",814,"awh","ker","awh",12,165,2,"5",,False,,2-10-2007,
"CUIK3-07",814,"VST","SXX","SVU",1,5,"1",,False,"vuursteen",2-10-2007,
"CUIK3-07",815,"awh","ker","awh",26,315,"5",,False,,2-10-2007,
"CUIK3-07",816,"awh","ker","awh",1,4,8,"5",,False,,2-10-2007,
"CUIK3-07",817,"AWH","KER","AWH",1,6,8,"5",,False,,10-10-2007,
"CUIK3-07",818,"vst","SXX","svu",1,5,"1",,False,"vuursteen",10-10-2007,
"CUIK3-07",819,"awh","ker","awh",1,3,8,"5",,False,,2-10-2007,
"CUIK3-07",820,"awh","ker","awh",15,106,4,"5",,False,,2-10-2007,
"CUIK3-07",820,"MET","MXX","MXX",2,19,4,,"afgestoten",False,,2-10-2007,
"CUIK3-07",820,"NS","SXX","SXX",2,75,"7",,False,"ONBEWERKT",2-10-2007,
"CUIK3-07",821,"awh","ker","awh",5,28,8,"5",,False,,2-10-2007,
"CUIK3-07",822,"awh","ker","awh",2,12,2,"5",,False,,2-10-2007,
"CUIK3-07",822,"BW","KER","BOUWMAT",5,301,8,"6",,False,,2-10-2007,
"CUIK3-07",822,"MET","MXX","MXX",2,15,8,,"afgestoten",False,,2-10-2007,
"CUIK3-07",823,"awg","ker","awg",1,5,4,"4",,False,,2-10-2007,
"CUIK3-07",824,"awh","ker","awh",2,21,8,"5",,False,,2-10-2007,
"CUIK3-07",825,"awh","ker","awh",5,18,4,"5",,False,,2-10-2007,
"CUIK3-07",826,"awh","ker","awh",3,10,4,"5",,False,,2-10-2007,
"CUIK3-07",826,"NS","SXX","SXX",1,14,6,"7",,False,"ONBEWERKT",2-10-2007,
"CUIK3-07",827,"awh","ker","awh",2,8,6,"5",,False,,2-10-2007,
"CUIK3-07",828,"awh","ker","awh",2,29,2,"5",,False,,2-10-2007,
"CUIK3-07",828,"BW","KER","BOUWMAT",1,32,2,"6",,False,,2-10-2007,
"CUIK3-07",828,"MET","MXX","MXX",1,21,,"afgestoten",False,,2-10-2007,
"CUIK3-07",829,"MET","MXX","MXX",1,10,,"afgestoten",False,,2-10-2007,
"CUIK3-07",830,"awh","ker","awh",3,9,6,"5",,False,,2-10-2007,
"CUIK3-07",831,"awh","ker","awh",1,4,4,"5",,False,,2-10-2007,
"CUIK3-07",831,"MET","MXX","MXX",1,11,4,,"afgestoten",False,,2-10-2007,
"CUIK3-07",832,"awg","ker","awg",8,158,8,"4",,False,,2-10-2007,
"CUIK3-07",832,"BW","KER","BOUWMAT",2,14,2,"6",,False,,2-10-2007,
"CUIK3-07",832,"MET","MXX","MXX",1,12,2,,"afgestoten",False,,2-10-2007,
"CUIK3-07",833,"awg","ker","awg",1,22,4,"4",,False,,2-10-2007,
"CUIK3-07",833,"awh","ker","awh",3,6,4,"5",,False,,2-10-2007,
"CUIK3-07",834,"awh","ker","awh",2,4,"5",,False,,2-10-2007,
"CUIK3-07",835,"awg","ker","awg",5,40,4,"4",,False,,2-10-2007,
"CUIK3-07",835,"NS","SXX","SXX",1,5,"7",,False,"ONBEWERKT",2-10-2007,
"CUIK3-07",835,"VKL","KER","huttelm",3,12,4,"1",,False,,2-10-2007,
"CUIK3-07",836,"awh","ker","awh",7,10,"5",,False,,2-10-2007,
"CUIK3-07",837,"awg","ker","awg",1,4,6,"4",,False,,2-10-2007,
"CUIK3-07",838,"HK","OXX","OPH",11,2,8,"1",,False,,2-10-2007,
"CUIK3-07",838,"KER","KER","KER",1,19,8,"4",,False,,2-10-2007,
"CUIK3-07",838,"MET","MXX","MXX",1,8,6,,"afgestoten",False,,2-10-2007,
"CUIK3-07",838,"VKL","KER","huttelm",24,69,2,"1",,False,,2-10-2007,
"CUIK3-07",839,"VKL","KER","huttelm",1,3,4,"1",,False,,2-10-2007,
"CUIK3-07",840,"awh","ker","awh",3,8,"5",,False,,2-10-2007,
"CUIK3-07",840,"VKL","KER","huttelm",1,24,4,"1",,False,"SB Huttenleem",2-10-2007,
"CUIK3-07",841,"VKL","KER","huttelm",4,36,2,"1",,False,,2-10-2007,
"CUIK3-07",842,"awh","KER","AW",2,4,6,"4",,False,,2-10-2007,
"CUIK3-07",843,"awg","ker","awg",11,37,4,"4",,False,,2-10-2007,
"CUIK3-07",843,"awh","ker","awh",2,18,"5",,False,,2-10-2007,
"CUIK3-07",843,"MET","MXX","MXX",7,44,,"afgestoten",False,,2-10-2007,
"CUIK3-07",843,"VKL","KER","huttelm",4,8,2,"1",,False,,2-10-2007,
"CUIK3-07",844,"awh","ker","awh",8,9,4,"5",,False,,2-10-2007,
"CUIK3-07",845,"awh","ker","awh",3,7,6,"5",,False,,2-10-2007,
"CUIK3-07",850,"awh","ker","awh",34,313,2,"5",,False,,2-10-2007,
"CUIK3-07",850,"NS","SXX","SXX",5,125,2,"7",,False,"ONBEWERKT",2-10-2007,
"CUIK3-07",851,"awh","ker","awh",8,91,8,"5",,False,,2-10-2007,
"CUIK3-07",851,"NS","SXX","SXX",7,45,8,"7",,False,"ONBEWERKT",2-10-2007,
"CUIK3-07",852,"awh","ker","awh",17,153,2,"5",,False,,2-10-2007,
"CUIK3-07",852,"VKL","KER","huttelm",11,55,2,"1",,False,,2-10-2007,
"CUIK3-07",853,"awg","ker","awg",3,17,2,"4",,False,,2-10-2007,
"CUIK3-07",854,"awh","ker","awh",10,9,2,"5",,False,,2-10-2007,
"CUIK3-07",855,"MET","MXX","MXX",2,20,8,,"afgestoten",False,,2-10-2007,
"CUIK3-07",855,"VKL","KER","huttelm",1,20,2,"1",,False,,2-10-2007,
"CUIK3-07",856,"awg","ker","awg",1,7,2,"4",,False,,2-10-2007,
"CUIK3-07",857,"awh","ker","awh",5,29,6,"5",,False,,2-10-2007,
"CUIK3-07",858,"awh","ker","awh",1,13,4,"5",,False,,2-10-2007,
"CUIK3-07",859,"awh","ker","awh",6,34,4,"5",,False,,2-10-2007,
"CUIK3-07",860,"awh","ker","awh",1,4,8,"5",,False,,2-10-2007,
"CUIK3-07",861,"awh","ker","awh",2,5,"5",,False,,2-10-2007,
"CUIK3-07",862,"awg","ker","awg",1,9,4,"4",,False,,2-10-2007,
"CUIK3-07",863,"awg","ker","awg",3,36,6,"4",,False,,2-10-2007,
"CUIK3-07",863,"awh","ker","awh",5,89,4,"5",,False,,2-10-2007,
"CUIK3-07",863,"BW","KER","BOUWMAT",1,550,8,"6",,False,,2-10-2007,
"CUIK3-07",864,"awg","ker","awg",2,25,"4",,False,,2-10-2007,
"CUIK3-07",864,"BW","KER","BOUWMAT",1,6,4,"6",,False,,2-10-2007,
"CUIK3-07",864,"MET","MXX","MXX",1,4,4,,"afgestoten",False,,2-10-2007,
"CUIK3-07",865,"awh","ker","awh",1,23,"5",,False,,2-10-2007,
"CUIK3-07",866,"awg","ker","awg",14,380,"4",,False,,2-10-2007,
"CUIK3-07",866,"BW","KER","BOUWMAT",15,1010,"6",,False,,2-10-2007,
"CUIK3-07",866,"MET","MXX","mfe",5,428,8,"9","naar conservering",True,,2-10-2007,"DROOG"
"CUIK3-07",866,"NS","SXX","SXX",3,1949,4,"7",,False,"ONBEWERKT",2-10-2007,
"CUIK3-07",867,"awh","ker","awh",3,53,4,"5",,False,,2-10-2007,
"CUIK3-07",867,"HK","OXX","OPH",2,4,6,"1",,False,,2-10-2007,
"CUIK3-07",867,"MET","MXX","MXX",3,52,6,,"afgestoten",False,,2-10-2007,
"CUIK3-07",867,"VKL","KER","huttelm",2,88,8,"1",,False,"SB Huttenleem",2-10-2007,
"CUIK3-07",868,"awg","ker","awg",1,9,8,"4",,False,,2-10-2007,
"CUIK3-07",869,"awg","ker","awg",9,98,8,"4",,False,,2-10-2007,
"CUIK3-07",869,"awh","ker","awh",1,11,2,"5",,False,,2-10-2007,
"CUIK3-07",869,"BW","KER","BOUWMAT",1,395,8,"6",,False,,2-10-2007,
"CUIK3-07",869,"MET","MXX","MXX",2,20,,"afgestoten",False,,2-10-2007,
"CUIK3-07",869,"NS","SXX","SXX",1,10,8,"7",,False,"ARTEFACT",2-10-2007,
"CUIK3-07",870,"awh","ker","awh",1,4,2,"5",,False,,2-10-2007,
"CUIK3-07",871,"NS","SXX","SXX",1,8,4,"7",,False,"ONBEWERKT",2-10-2007,
"CUIK3-07",872,"awh","ker","awh",2,9,2,"5",,False,,2-10-2007,
"CUIK3-07",872,"BW","KER","BOUWMAT",1,268,8,"6",,False,,2-10-2007,
"CUIK3-07",873,"awg","ker","awg",1,9,"4",,False,,10-10-2007,
"CUIK3-07",874,"awg","ker","awg",2,7,"4",,False,,2-10-2007,
"CUIK3-07",875,"MET","MXX","MXX",1,12,8,,"afgestoten",False,,2-10-2007,
"CUIK3-07",875,"NS","SXX","SXX",1,25,6,"7",,False,"ONBEWERKT",2-10-2007,
"CUIK3-07",876,"awg","ker","awg",1,5,4,"4",,False,,2-10-2007,
"CUIK3-07",876,"MET","MXX","MXX",1,18,8,,"afgestoten",False,,2-10-2007,
"CUIK3-07",877,"awg","KER","awg",6,30,2,"4",,False,,2-10-2007,
"CUIK3-07",877,"MET","MXX","MXX",3,207,8,,"afgestoten",False,,2-10-2007,
"CUIK3-07",877,"VKL","KER","huttelm",2,36,4,"1","SB Huttenleem",False,,2-10-2007,
"CUIK3-07",878,"awh","ker","awh",2,17,4,"5",,False,,2-10-2007,
"CUIK3-07",879,"awh","ker","awh",3,34,4,"5",,False,,2-10-2007,
"CUIK3-07",880,"awh","KER","AW",1,2,8,"4",,False,,2-10-2007,
"CUIK3-07",881,"awh","ker","awh",9,58,"5",,False,,2-10-2007,
"CUIK3-07",882,"awh","ker","awh",8,70,4,"5",,False,,2-10-2007,
"CUIK3-07",883,"awh","ker","awh",1,16,2,"5",,False,,2-10-2007,
"CUIK3-07",884,"awh","ker","awh",1,6,2,"5",,False,,2-10-2007,
"CUIK3-07",885,"awh","ker","awh",1,13,4,"5",,False,,2-10-2007,
"CUIK3-07",886,"awg","ker","awg",3,21,8,"4",,False,,2-10-2007,
"CUIK3-07",886,"BW","KER","BOUWMAT",1,216,"6",,False,,2-10-2007,
"CUIK3-07",886,"MET","MXX","MXX",2,15,6,,"afgestoten",False,,2-10-2007,
"CUIK3-07",886,"NS","SXX","SXX",1,17,8,"7",,False,"ONBEWERKT",2-10-2007,
"CUIK3-07",887,"awg","ker","awg",5,37,4,"4",,False,,2-10-2007,
"CUIK3-07",887,"MET","MXX","MXX",3,112,8,,"afgestoten",False,,2-10-2007,
"CUIK3-07",887,"VKL","KER","huttelm",3,15,"1",,False,,2-10-2007,
"CUIK3-07",888,"VKL","KER","huttelm",3,44,4,"1",,False,"SB Huttenleem",2-10-2007,
"CUIK3-07",889,"awg","ker","awg",1,7,8,"4",,False,,2-10-2007,
"CUIK3-07",891,"AWG","ker","AWG",2,11,8,"4",,False,,2-10-2007,
"CUIK3-07",891,"awh","ker","awh",2,12,2,"5",,False,,2-10-2007,
"CUIK3-07",892,"awg","ker","awg",1,4,6,"4",,False,,2-10-2007,
"CUIK3-07",892,"VKL","KER","huttelm",3,108,8,"1",,False,,2-10-2007,
"CUIK3-07",893,"awg","ker","awg",1,2,8,"4",,False,,2-10-2007,
"CUIK3-07",894,"awh","ker","awh",1,28,"5",,False,,2-10-2007,
"CUIK3-07",895,"VST","SXX","SVU",1,9,4,"1",,False,"vuursteen",2-10-2007,
"CUIK3-07",896,"awh","ker","awh",1,21,2,"5",,False,,2-10-2007,
"CUIK3-07",896,"BT","OXX","OXB",12,314,"1",,False,,2-10-2007,
"CUIK3-07",897,"ZF25","ZF25","ZF25",,,,"afgestoten",False,,4-12-2007,
"CUIK3-07",898,"awh","ker","awh",61,198,4,"5",,False,,2-10-2007,
"CUIK3-07",898,"VST","SXX","SVU",2,2,4,"1",,False,"vuursteen",2-10-2007,
"CUIK3-07",899,"awh","ker","awh",4,17,8,"5",,False,,2-10-2007,
"CUIK3-07",899,"NS","SXX","SXX",1,45,"7",,False,"ONBEWERKT",2-10-2007,
"CUIK3-07",900,"awg","ker","awg",2,18,6,"4",,False,,10-10-2007,
"CUIK3-07",900,"AWH","KER","AWH",5,8,"5",,False,,10-10-2007,
"CUIK3-07",900,"met","mxx","mxx",2,24,8,,"afgestoten",False,,10-10-2007,
"CUIK3-07",900,"NS","SXX","SXX",1,515,2,"7",,False,"ONBEWERKT",10-10-2007,
"CUIK3-07",901,"awg","ker","awg",2,26,9,"4",,False,,10-10-2007,
"CUIK3-07",901,"bw","KER","bouwmat",6,73,4,"6",,False,,10-10-2007,
"CUIK3-07",901,"met","mxx","mxx",1,22,7,,"afgestoten",False,,10-10-2007,
"CUIK3-07",902,"awg","ker","awg",3,18,"4",,False,,10-10-2007,
"CUIK3-07",902,"bw","KER","bouwmat",1,174,8,"6",,False,,10-10-2007,
"CUIK3-07",902,"met","mxx","mfe",4,217,4,"9","naar conservering",True,,10-10-2007,"DROOG"
"CUIK3-07",903,"bw","KER","bouwmat",1,188,4,"6",,False,,10-10-2007,
"CUIK3-07",904,"awg","ker","awg",1,8,"4",,False,,10-10-2007,
"CUIK3-07",904,"AWH","KER","AWH",4,0,2,"5",,False,,10-10-2007,
"CUIK3-07",905,"awg","ker","awg",1,16,2,"4",,False,,10-10-2007,
"CUIK3-07",906,"bw","KER","bouwmat",1,1156,2,"6",,False,,10-10-2007,
"CUIK3-07",907,"awg","ker","awg",1,143,"4",,False,,10-10-2007,
"CUIK3-07",907,"AWH","KER","AWH",9,37,6,"5",,False,,10-10-2007,
"CUIK3-07",907,"bw","KER","bouwmat",7,51,2,"6",,False,,10-10-2007,
"CUIK3-07",907,"met","mxx","mxx",1,10,8,,"afgestoten",False,,10-10-2007,
"CUIK3-07",908,"awg","ker","awg",2,6,4,"4",,False,,10-10-2007,
"CUIK3-07",908,"bw","KER","bouwmat",1,40,6,"6",,False,,10-10-2007,
"CUIK3-07",908,"met","mxx","mxx",1,3,8,,"afgestoten",False,,10-10-2007,
"CUIK3-07",909,"awg","ker","awg",1,71,8,"4",,False,,10-10-2007,
"CUIK3-07",910,"awg","ker","awg",4,35,2,"4",,False,,10-10-2007,
"CUIK3-07",911,"vst","SXX","svu",1,2,6,"1",,False,"vuursteen",10-10-2007,
"CUIK3-07",912,"AWH","KER","AWH",2,4,"5",,False,,10-10-2007,
"CUIK3-07",913,"AWH","KER","AWH",1,54,"5",,False,,10-10-2007,
"CUIK3-07",914,"AWH","KER","AWH",1,13,4,"5",,False,,10-10-2007,
"CUIK3-07",915,"AWH","KER","AWH",2,8,8,"5",,False,,10-10-2007,
"CUIK3-07",916,"awg","ker","awg",1,9,2,"4",,False,,10-10-2007,
"CUIK3-07",916,"AWH","KER","AWH",1,10,5,"5",,False,,10-10-2007,
"CUIK3-07",917,"NS","SXX","SXX",2,10,4,"7",,False,"ONBEWERKT",10-10-2007,
"CUIK3-07",918,"AWH","KER","AWH",2,15,8,"5",,False,,10-10-2007,
"CUIK3-07",918,"NS","SXX","SXX",1,30,8,"7",,False,"ONBEWERKT",10-10-2007,
"CUIK3-07",919,"AWH","KER","AWH",3,43,"5",,False,,10-10-2007,
"CUIK3-07",920,"AWH","KER","AWH",2,27,3,"5",,False,,10-10-2007,
"CUIK3-07",921,"AWH","KER","AWH",6,35,6,"5",,False,,10-10-2007,
"CUIK3-07",922,"AWH","KER","AWH",1,6,"5",,False,,10-10-2007,
"CUIK3-07",923,"AWH","KER","AWH",1,8,8,"5",,False,,10-10-2007,
"CUIK3-07",924,"AWH","KER","AWH",1,18,2,"5",,False,,10-10-2007,
"CUIK3-07",925,"AWH","KER","AWH",1,13,2,"5",,False,,10-10-2007,
"CUIK3-07",926,"AWH","KER","AWH",1,1,6,"5",,False,,10-10-2007,
"CUIK3-07",926,"VST","SXX","SVU",1,1,6,"1",,False,"vuursteen",10-10-2007,
"CUIK3-07",927,"AWH","KER","AWH",1,5,"5",,False,,10-10-2007,
"CUIK3-07",928,"awg","ker","awg",1,5,4,"4",,False,,10-10-2007,
"CUIK3-07",929,"AWH","KER","AWH",5,17,"5",,False,,10-10-2007,
"CUIK3-07",930,"AWH","KER","AWH",1,15,8,"5",,False,,10-10-2007,
"CUIK3-07",931,"vst","SXX","svu",1,0,6,"1",,False,"vuursteen",10-10-2007,
"CUIK3-07",932,"AWH","KER","AWH",1,0,1,"5",,False,,10-10-2007,
"CUIK3-07",933,"awg","ker","awg",2,22,7,"4",,False,,10-10-2007,
"CUIK3-07",934,"awg","ker","awg",2,13,9,"4",,False,,10-10-2007,
"CUIK3-07",934,"bw","KER","bouwmat",2,193,6,"6",,False,,10-10-2007,
"CUIK3-07",935,"AWH","KER","AWH",1,8,4,"5",,False,,10-10-2007,
"CUIK3-07",935,"VKL","KER","HUTTELM",2,26,3,"1",,False,,10-10-2007,
"CUIK3-07",936,"AWH","KER","AWH",1,7,4,"5",,False,,10-10-2007,
"CUIK3-07",936,"VKL","KER","HUTTELM",1,22,1,"1",,False,,10-10-2007,
"CUIK3-07",937,"AWH","KER","AWH",1,10,9,"5",,False,,10-10-2007,
"CUIK3-07",937,"NS","SXX","SXX",1,52,4,"7",,False,"ONBEWERKT",10-10-2007,
"CUIK3-07",938,"NS","SXX","SXX",1,239,7,"7",,False,"ARTEFACT",10-10-2007,
"CUIK3-07",939,"awg","ker","awg",1,159,3,"4",,False,,10-10-2007,
"CUIK3-07",940,"awg","ker","awg",1,91,5,"4",,False,,10-10-2007,
"CUIK3-07",941,"AWH","KER","AWH",70,1245,"8",,False,,10-10-2007,
"CUIK3-07",941,"NS","SXX","SXX",1,3,4,"7",,False,"ONBEWERKT",10-10-2007,
"CUIK3-07",942,"AWH","KER","AWH",3,11,3,"5",,False,,10-10-2007,
"CUIK3-07",943,"SLK","mxx","SLAK",9,11,,"afgestoten",False,,10-10-2007,
"CUIK3-07",944,"AWH","KER","AWH",2,2,4,"5",,False,,10-10-2007,
"CUIK3-07",945,"AWH","KER","AWH",1,5,4,"5",,False,,10-10-2007,
"CUIK3-07",946,"AWH","ker","AWH",4,83,4,"3",,False,,12-10-2007,
"CUIK3-07",946,"BW","ker","BOUWMAT",1,5,8,"6",,False,,12-10-2007,
"CUIK3-07",946,"NS","SXX","SXX",2,155,3,"7",,False,"ONBEWERKT",12-10-2007,
"CUIK3-07",947,"AWH","ker","AWH",1,23,4,"3",,False,,12-10-2007,
"CUIK3-07",947,"BW","ker","BOUWMAT",2,230,2,"6",,False,,12-10-2007,
"CUIK3-07",948,"AWH","KER","AWH",1,2,6,"5",,False,,10-10-2007,
"CUIK3-07",949,"awg","ker","awg",1,3,1,"4",,False,,10-10-2007,
"CUIK3-07",949,"NS","SXX","SXX",1,16,8,"7",,False,"ONBEWERKT",10-10-2007,
"CUIK3-07",949,"VKL","KER","HUTTELM",6,3,5,"1",,False,,10-10-2007,
"CUIK3-07",950,"AWH","KER","AWH",10,124,4,"5",,False,,10-10-2007,
"CUIK3-07",951,"AWH","KER","AWH",1,12,5,"5",,False,,10-10-2007,
"CUIK3-07",952,"awg","ker","awg",6,124,9,"4",,False,,10-10-2007,
"CUIK3-07",953,"AWH","KER","AWH",1,3,1,"5",,False,,10-10-2007,
"CUIK3-07",954,"AWH","KER","AWH",1,4,3,"5",,False,,10-10-2007,
"CUIK3-07",955,"AWH","KER","AWH",12,88,2,"5",,False,,10-10-2007,
"CUIK3-07",956,"AWH","KER","AWH",1,0,6,"5",,False,,10-10-2007,
"CUIK3-07",956,"NS","SXX","SXX",1,9,"7",,False,"ONBEWERKT",10-10-2007,
"CUIK3-07",956,"vst","SXX","svu",1,0,6,"1",,False,"vuursteen",10-10-2007,
"CUIK3-07",957,"AWH","KER","AWH",18,143,6,"5",,False,,10-10-2007,
"CUIK3-07",957,"vst","SXX","svu",1,16,2,"1",,False,"vuursteen",10-10-2007,
"CUIK3-07",958,"AWH","KER","AWH",3,24,6,"5",,False,,10-10-2007,
"CUIK3-07",959,"AWH","KER","AWH",1,1,8,"5",,False,,10-10-2007,
"CUIK3-07",960,"AWH","KER","AWH",1,0,6,"5",,False,,10-10-2007,
"CUIK3-07",961,"AWH","KER","AWH",3,1,4,"5",,False,,10-10-2007,
"CUIK3-07",962,"AWH","KER","AWH",1,10,"5",,False,,10-10-2007,
"CUIK3-07",963,"AWH","KER","AWH",4,7,6,"5",,False,,10-10-2007,
"CUIK3-07",963,"NS","SXX","SXX",5,4,8,"7",,False,"ONBEWERKT",10-10-2007,
"CUIK3-07",964,"AWH","KER","AWH",6,6,8,"5",,False,,10-10-2007,
"CUIK3-07",965,"NS","SXX","SXX",1,0,6,"7",,False,"ARTEFACT",10-10-2007,
"CUIK3-07",966,"awg","ker","awg",3,122,6,"4",,False,,10-10-2007,
"CUIK3-07",966,"AWH","KER","AWH",14,419,6,"5",,False,,10-10-2007,
"CUIK3-07",967,"awg","ker","awg",1,24,2,"4",,False,,10-10-2007,
"CUIK3-07",968,"AWH","KER","AWH",14,188,2,"5",,False,,10-10-2007,
"CUIK3-07",969,"AWH","KER","AWH",5,64,6,"5",,False,,10-10-2007,
"CUIK3-07",969,"NS","SXX","SXX",1,1,"7",,False,"ONBEWERKT",10-10-2007,
"CUIK3-07",970,"AWH","KER","AWH",4,77,4,"5",,False,,10-10-2007,
"CUIK3-07",971,"AWH","KER","AWH",2,65,6,"5",,False,,10-10-2007,
"CUIK3-07",972,"AWH","KER","AWH",10,22,4,"5",,False,,10-10-2007,
"CUIK3-07",972,"NS","SXX","SXX",1,32,8,"7",,False,"ONBEWERKT",10-10-2007,
"CUIK3-07",973,"AWH","KER","AWH",2,33,2,"5",,False,,10-10-2007,
"CUIK3-07",974,"awg","ker","awg",5,65,4,"4",,False,,10-10-2007,
"CUIK3-07",974,"NS","SXX","SXX",2,131,"7",,False,"ONBEWERKT",10-10-2007,
"CUIK3-07",975,"AWH","KER","AWH",18,198,6,"8",,False,,10-10-2007,
"CUIK3-07",976,"AWH","KER","AWH",2,55,1,"5",,False,,10-10-2007,
"CUIK3-07",976,"met","mxx","mxx",1,3,,"afgestoten",False,,10-10-2007,
"CUIK3-07",977,"met","mxx","mxx",1,3,3,,"afgestoten",False,,10-10-2007,
"CUIK3-07",978,"AWH","KER","AWH",1,3,8,"5",,False,,10-10-2007,
"CUIK3-07",979,"awg","ker","awg",1,7,5,"4",,False,,10-10-2007,
"CUIK3-07",980,"met","mxx","mxx",1,7,6,,"afgestoten",False,,10-10-2007,
"CUIK3-07",981,"awg","ker","awg",1,59,6,"4",,False,,10-10-2007,
"CUIK3-07",982,"AWH","KER","AWH",1,8,6,"5",,False,,10-10-2007,
"CUIK3-07",983,"AWH","KER","AWH",4,63,1,"5",,False,,10-10-2007,
"CUIK3-07",984,"bw","KER","bouwmat",2,681,2,"6",,False,,10-10-2007,
"CUIK3-07",984,"met","mxx","mxx",1,8,2,,"afgestoten",False,,10-10-2007,
"CUIK3-07",985,"AWH","KER","AWH",2,5,4,"5",,False,,10-10-2007,
"CUIK3-07",985,"HK","OXX","oph",1,1,4,,"afgestoten",False,,10-10-2007,
"CUIK3-07",986,"SLK","MXX","SLAK",3,3,8,"1",,False,,10-10-2007,
"CUIK3-07",987,"awg","ker","awg",1,26,2,"4",,False,,10-10-2007,
"CUIK3-07",988,"awg","ker","awg",1,2,6,"4",,False,,10-10-2007,
"CUIK3-07",988,"met","mxx","mxx",3,22,6,,"afgestoten",False,,10-10-2007,
"CUIK3-07",988,"NS","SXX","SXX",2,10,6,"7",,False,"ONBEWERKT",10-10-2007,
"CUIK3-07",989,"AWH","KER","AWH",1,72,7,"5",,False,,10-10-2007,
"CUIK3-07",990,"AWH","KER","AWH",13,35,4,"5",,False,,10-10-2007,
"CUIK3-07",991,"AWH","KER","AWH",2,10,8,"5",,False,,10-10-2007,
"CUIK3-07",991,"bw","KER","bouwmat",1,266,"6",,False,,10-10-2007,
"CUIK3-07",992,"AWH","KER","AWH",2,9,"5",,False,,10-10-2007,
"CUIK3-07",993,"AWH","KER","AWH",34,148,6,"5",,False,,10-10-2007,
"CUIK3-07",993,"NS","SXX","SXX",2,7,"7",,False,"ONBEWERKT",10-10-2007,
"CUIK3-07",994,"awg","ker","awg",1,4,4,"4",,False,,10-10-2007,
"CUIK3-07",995,"met","mxx","mxx",1,7,4,,"afgestoten",False,,10-10-2007,
"CUIK3-07",996,"AWH","KER","AWH",5,8,2,"5",,False,,10-10-2007,
"CUIK3-07",997,"AWH","KER","AWH",1,14,6,"5",,False,,10-10-2007,
"CUIK3-07",998,"AWH","KER","AWH",1,13,"5",,False,,10-10-2007,
"CUIK3-07",999,"AWH","KER","AWH",1,30,8,"5",,False,,10-10-2007,
"CUIK3-07",1000,"AWH","KER","AWH",2,2,2,"5",,False,,10-10-2007,
"CUIK3-07",1001,"AWH","KER","AWH",1,5,8,"5",,False,,10-10-2007,
"CUIK3-07",1002,"bw","KER","bouwmat",1,5,"6",,False,,10-10-2007,
"CUIK3-07",1003,"AWH","KER","AWH",2,1,6,"5",,False,,10-10-2007,
"CUIK3-07",1003,"SLK","MXX","SLAK",3,2,8,"1",,False,,10-10-2007,
"CUIK3-07",1004,"AWH","KER","AWH",2,4,"5",,False,,10-10-2007,
"CUIK3-07",1005,"AWH","KER","AWH",2,12,4,"5",,False,,10-10-2007,
"CUIK3-07",1006,"AWH","KER","AWH",2,8,6,"5",,False,,10-10-2007,
"CUIK3-07",1007,"AWH","KER","AWH",3,7,8,"5",,False,,10-10-2007,
"CUIK3-07",1008,"AWH","KER","AWH",1,3,7,"5",,False,,10-10-2007,
"CUIK3-07",1009,"AWH","KER","AWH",4,23,2,"5",,False,,10-10-2007,
"CUIK3-07",1010,"AWH","KER","AWH",4,12,6,"5",,False,,10-10-2007,
"CUIK3-07",1011,"AWH","ker","AWH",7,76,"3",,False,,12-10-2007,
"CUIK3-07",1011,"BW","ker","BOUWMAT",4,27,"6",,False,,12-10-2007,
"CUIK3-07",1012,"awg","ker","awg",1,22,2,"4",,False,,10-10-2007,
"CUIK3-07",1012,"bw","KER","bouwmat",4,175,8,"6",,False,,10-10-2007,
"CUIK3-07",1012,"met","mxx","mxx",1,7,4,,"afgestoten",False,,10-10-2007,
"CUIK3-07",1013,"AWH","KER","AWH",1,7,8,"5",,False,,10-10-2007,
"CUIK3-07",1014,"awg","ker","awg",2,6,4,"4",,False,,10-10-2007,
"CUIK3-07",1014,"AWH","KER","AWH",12,13,8,"5",,False,,10-10-2007,
"CUIK3-07",1014,"HK","OXX","oph",5,0,1,"1",,False,,10-10-2007,
"CUIK3-07",1014,"NS","SXX","SXX",3,0,1,"7",,False,"ONBEWERKT",10-10-2007,
"CUIK3-07",1015,"AWH","KER","AWH",1,2,4,"5",,False,,10-10-2007,
"CUIK3-07",1016,"AWH","KER","AWH",1,13,4,"5",,False,,10-10-2007,
"CUIK3-07",1017,"AWH","KER","AWH",2,12,4,"5",,False,,10-10-2007,
"CUIK3-07",1018,"AWH","KER","AWH",2,10,8,"5",,False,,10-10-2007,
"CUIK3-07",1019,"bw","KER","bouwmat",1,5,8,"6",,False,,10-10-2007,
"CUIK3-07",1020,"AWH","KER","AWH",2,15,"5",,False,,10-10-2007,
"CUIK3-07",1020,"NS","SXX","SXX",1,14,4,"7",,False,"ONBEWERKT",10-10-2007,
"CUIK3-07",1020,"vst","SXX","svu",1,22,"1",,False,"vuursteen",10-10-2007,
"CUIK3-07",1021,"AWH","KER","AWH",1,4,2,"5",,False,,10-10-2007,
"CUIK3-07",1022,"AWH","KER","AWH",2,10,4,"5",,False,,10-10-2007,
"CUIK3-07",1022,"NS","SXX","SXX",1,44,9,"7",,False,"ONBEWERKT",10-10-2007,
"CUIK3-07",1023,"AWH","KER","AWH",2,9,6,"5",,False,,10-10-2007,
"CUIK3-07",1024,"AWH","KER","AWH",1,16,1,"5",,False,,10-10-2007,
"CUIK3-07",1025,"awg","ker","awg",1,7,8,"4",,False,,10-10-2007,
"CUIK3-07",1025,"AWH","KER","AWH",90,746,8,"8",,False,,10-10-2007,
"CUIK3-07",1025,"NS","SXX","SXX",3,10,"7",,False,"ONBEWERKT",10-10-2007,
"CUIK3-07",1026,"AWH","ker","AWH",6,115,2,"8",,False,,12-10-2007,
"CUIK3-07",1027,"AWH","KER","AWH",60,430,6,"5",,False,,10-10-2007,
"CUIK3-07",1028,"AWH","KER","AWH",5,8,6,"5",,False,,10-10-2007,
"CUIK3-07",1028,"NS","SXX","SXX",1,2,2,"7",,False,"ONBEWERKT",10-10-2007,
"CUIK3-07",1029,"AWH","KER","AWH",4,44,8,"5",,False,,10-10-2007,
"CUIK3-07",1030,"AWH","KER","AWH",3,15,6,"5",,False,,10-10-2007,
"CUIK3-07",1031,"AWH","KER","AWH",4,25,"5",,False,,10-10-2007,
"CUIK3-07",1032,"AWH","KER","AWH",1,8,4,"5",,False,,10-10-2007,
"CUIK3-07",1033,"AWH","KER","AWH",3,23,2,"5",,False,,10-10-2007,
"CUIK3-07",1034,"AWH","KER","AWH",2,6,4,"5",,False,,10-10-2007,
"CUIK3-07",1035,"AWH","KER","AWH",1,3,4,"5",,False,,10-10-2007,
"CUIK3-07",1036,"AWH","KER","AWH",2,11,4,"5",,False,,10-10-2007,
"CUIK3-07",1037,"AWH","KER","AWH",3,3,6,"5",,False,,10-10-2007,
"CUIK3-07",1038,"AWH","KER","AWH",1,7,2,"5",,False,,10-10-2007,
"CUIK3-07",1039,"AWH","KER","AWH",5,35,4,"5",,False,,10-10-2007,
"CUIK3-07",1040,"AWH","KER","AWH",1,8,6,"5",,False,,10-10-2007,
"CUIK3-07",1041,"AWH","KER","AWH",4,7,6,"5",,False,,10-10-2007,
"CUIK3-07",1042,"AWH","KER","AWH",2,6,2,"5",,False,,10-10-2007,
"CUIK3-07",1043,"AWH","KER","AWH",1,4,"5",,False,,10-10-2007,
"CUIK3-07",1044,"AWH","KER","AWH",38,136,"5",,False,,10-10-2007,
"CUIK3-07",1044,"BT","OXX","OXB",1,0,1,"1",,False,,10-10-2007,
"CUIK3-07",1044,"vst","SXX","svu",1,0,1,"1",,False,"vuursteen",10-10-2007,
"CUIK3-07",1045,"AWH","KER","AWH",20,21,4,"5",,False,,10-10-2007,
"CUIK3-07",1046,"AWH","KER","AWH",12,60,4,"5",,False,,10-10-2007,
"CUIK3-07",1046,"NS","SXX","SXX",2,67,8,"7",,False,"ONBEWERKT",10-10-2007,
"CUIK3-07",1047,"ZF25","ZF25","ZF25",,,,"afgestoten",False,,4-12-2007,
"CUIK3-07",1049,"AWH","KER","AWH",63,1429,3,"8",,False,,10-10-2007,
"CUIK3-07",1050,"AWH","KER","AWH",2,18,"5",,False,,10-10-2007,
"CUIK3-07",1051,"AWH","KER","AWH",2,6,8,"5",,False,,10-10-2007,
"CUIK3-07",1052,"AWH","KER","AWH",2,13,2,"5",,False,,10-10-2007,
"CUIK3-07",1053,"AWH","KER","AWH",1,8,8,"5",,False,,10-10-2007,
"CUIK3-07",1054,"awg","ker","awg",1,8,8,"4",,False,,10-10-2007,
"CUIK3-07",1055,"vst","SXX","svu",1,1,2,"1",,False,"vuursteen",10-10-2007,
"CUIK3-07",1056,"AWH","KER","AWH",7,30,8,"5",,False,,10-10-2007,
"CUIK3-07",1057,"AWH","KER","AWH",2,13,6,"5",,False,,10-10-2007,
"CUIK3-07",1058,"AWH","KER","AWH",2,4,2,"5",,False,,10-10-2007,
"CUIK3-07",1059,"AWH","KER","AWH",10,15,8,"5",,False,,10-10-2007,
"CUIK3-07",1060,"AWH","KER","AWH",1,9,"5",,False,,10-10-2007,
"CUIK3-07",1061,"AWH","KER","AWH",4,26,"5",,False,,10-10-2007,
"CUIK3-07",1061,"HK","OXX","oph",2,0,4,,"afgestoten",False,,10-10-2007,
"CUIK3-07",1062,"AWH","KER","AWH",4,32,2,"5",,False,,10-10-2007,
"CUIK3-07",1063,"AWH","KER","AWH",1,4,4,"5",,False,,10-10-2007,
"CUIK3-07",1064,"AWH","KER","AWH",1,3,4,"5",,False,,10-10-2007,
"CUIK3-07",1065,"AWH","KER","AWH",2,3,6,"5",,False,,10-10-2007,
"CUIK3-07",1066,"AWH","KER","AWH",3,10,"5",,False,,10-10-2007,
"CUIK3-07",1067,"AWH","KER","AWH",20,71,2,"5",,False,,10-10-2007,
"CUIK3-07",1068,"AWH","KER","AWH",3,4,6,"5",,False,,10-10-2007,
"CUIK3-07",1069,"AWH","KER","AWH",58,322,"5",,False,,10-10-2007,
"CUIK3-07",1069,"NS","SXX","SXX",1,0,1,"7",,False,"ONBEWERKT",10-10-2007,
"CUIK3-07",1070,"AWH","KER","AWH",4,46,6,"5",,False,,10-10-2007,
"CUIK3-07",1071,"AWH","KER","AWH",26,74,2,"5",,False,,10-10-2007,
"CUIK3-07",1072,"AWH","KER","AWH",1,4,6,"5",,False,,10-10-2007,
"CUIK3-07",1072,"bw","KER","bouwmat",1,540,6,"6",,False,,10-10-2007,
"CUIK3-07",1073,"awg","ker","awg",1,0,2,"4",,False,,10-10-2007,
"CUIK3-07",1073,"met","mxx","mxx",4,10,8,,"afgestoten",False,,10-10-2007,
"CUIK3-07",1074,"AWH","KER","AWH",1,3,6,"5",,False,,10-10-2007,
"CUIK3-07",1075,"awg","ker","awg",1,8,6,"4",,False,,10-10-2007,
"CUIK3-07",1076,"NS","SXX","SXX",1,817,2,"7",,False,"ONBEWERKT",10-10-2007,
"CUIK3-07",1077,"AWH","KER","AWH",33,165,"5",,False,,10-10-2007,
"CUIK3-07",1078,"awg","ker","awg",2,14,"4",,False,,10-10-2007,
"CUIK3-07",1078,"AWH","KER","AWH",1,2,8,"5",,False,,10-10-2007,
"CUIK3-07",1078,"bw","KER","bouwmat",1,16,"6",,False,,10-10-2007,
"CUIK3-07",1079,"AWH","KER","AWH",1,5,2,"5",,False,,10-10-2007,
"CUIK3-07",1080,"awg","ker","awg",1,57,8,"4",,False,,10-10-2007,
"CUIK3-07",1081,"awg","ker","awg",1,153,6,"4",,False,,10-10-2007,
"CUIK3-07",1082,"awg","ker","awg",1,2,"4",,False,,10-10-2007,
"CUIK3-07",1082,"bw","KER","bouwmat",1,317,6,"6",,False,,10-10-2007,
"CUIK3-07",1083,"AWH","KER","AWH",7,9,"5",,False,,10-10-2007,
"CUIK3-07",1084,"AWH","KER","AWH",2,8,6,"5",,False,,10-10-2007,
"CUIK3-07",1085,"AWH","KER","AWH",9,58,4,"5",,False,,10-10-2007,
"CUIK3-07",1086,"ZF25","ZF25","ZF25",,,,"afgestoten",False,,4-12-2007,
"CUIK3-07",1087,"ZF25","ZF25","ZF25",,,,"afgestoten",False,,4-12-2007,
"CUIK3-07",1088,"met","mxx","mcu",9,47,4,"9","naar conservering",True,"Koperlegering",10-10-2007,"DROOG"
