"OPGR_ID","PUTNR","VLAKNR","VAKNR","SPOORNR","VULLINGNR","SEGMENTNR","VONDSTNR","INHOUD","MONSTER","VERZAMEL","DATUM","OPMERKING","INVDATUM"
"CUIK3-07",1,1,201,4000,1,,1,"MIX",,"AANV",,,8-10-2007
"CUIK3-07",1,1,301,4000,1,,2,"AW",,"AANV",,,8-10-2007
"CUIK3-07",1,1,102,4000,1,,3,"NS",,"PUNT",,,8-10-2007
"CUIK3-07",1,1,203,4000,1,,4,"AW",,"AANV",,,8-10-2007
"CUIK3-07",4,1,101,4000,1,,5,"AW",,"AANV",,,8-10-2007
"CUIK3-07",6,1,101,3000,1,,6,"MIX",,"AANV",,,8-10-2007
"CUIK3-07",6,1,201,3000,1,,7,"MIX",,"AANV",,,8-10-2007
"CUIK3-07",6,1,102,3000,1,,8,"AW",,"AANV",,,8-10-2007
"CUIK3-07",6,1,103,3000,1,,9,"MIX",,"AANV",,,8-10-2007
"CUIK3-07",6,1,104,3000,1,,10,"AW",,"AANV",,,8-10-2007
"CUIK3-07",6,1,105,3000,1,,11,"AW",,"AANV",,,8-10-2007
"CUIK3-07",6,1,202,3000,1,,12,"MIX",,"AANV",,,8-10-2007
"CUIK3-07",6,1,203,3000,1,,13,"MIX",,"AANV",,,8-10-2007
"CUIK3-07",6,1,204,3000,1,,14,"MIX",,"AANV",,,8-10-2007
"CUIK3-07",6,1,205,3000,1,,15,"MIX",,"AANV",,,8-10-2007
"CUIK3-07",6,2,201,3000,1,,16,"MIX",,"AANV",,,8-10-2007
"CUIK3-07",20,1,201,3000,1,,17,"MIX",,"AANV",,,8-10-2007
"CUIK3-07",20,1,101,3000,1,,18,"MIX",,"AANV",,,8-10-2007
"CUIK3-07",20,1,101,4000,1,,19,"MIX",,"AANV",,"mollenlaag",8-10-2007
"CUIK3-07",20,1,102,4000,1,,20,"MIX",,"AANV",,"mollenlaag",8-10-2007
"CUIK3-07",20,1,,8,1,,21,"AW",,"AANV",,"vlakvondst",8-10-2007
"CUIK3-07",20,1,103,2000,1,,22,"AW",,"AANV",,,8-10-2007
"CUIK3-07",20,1,202,3000,1,,23,"MIX",,"AANV",,,8-10-2007
"CUIK3-07",20,1,204,3000,1,,24,"MIX",,"AANV",,,8-10-2007
"CUIK3-07",20,1,203,3000,1,,25,"MIX",,"AANV",,,8-10-2007
"CUIK3-07",8,1,101,3000,1,,26,"AW",,"AANV",,,8-10-2007
"CUIK3-07",8,1,101,2000,1,,27,"AW",,"AANV",,,8-10-2007
"CUIK3-07",8,1,101,999,1,,28,"MET",,"AANV",,"detector
oude proefsleuf",8-10-2007
"CUIK3-07",8,1,102,999,1,,29,"AW",,"AANV",,"oude proefsleuf",8-10-2007
"CUIK3-07",8,1,102,2000,1,,30,"AW",,"AANV",,"op grens met spoor 2001",8-10-2007
"CUIK3-07",8,1,102,2001,1,,31,"AW",,"AANV",,"op grens met spoor 3000",8-10-2007
"CUIK3-07",8,1,103,2001,1,,32,"AW",,"AANV",,"op grens met spoor 3000",8-10-2007
"CUIK3-07",6,1,104,2000,1,,33,"AW",,"AANV",,,8-10-2007
"CUIK3-07",8,1,104,2001,1,,34,"AW",,"AANV",,,8-10-2007
"CUIK3-07",8,1,104,3000,1,,35,"AW",,"AANV",,,8-10-2007
"CUIK3-07",8,1,105,2000,1,,36,"AW",,"AANV",,,8-10-2007
"CUIK3-07",8,1,105,2001,1,,37,"AW",,"AANV",,,8-10-2007
"CUIK3-07",8,1,105,3000,1,,38,"AW",,"AANV",,,8-10-2007
"CUIK3-07",8,1,106,2000,1,,39,"AW",,"AANV",,,8-10-2007
"CUIK3-07",8,1,106,3000,1,,40,"AW",,"AANV",,,8-10-2007
"CUIK3-07",8,1,107,3000,1,,41,"AW",,"AANV",,,8-10-2007
"CUIK3-07",8,1,104,999,1,,42,"AW",,"AANV",,"oude proefsleuf",8-10-2007
"CUIK3-07",8,1,,3,1,,43,"AW",,"AANV",,,8-10-2007
"CUIK3-07",8,1,,3,1,,44,"AW",,"PUNT",,"puntvondst in spoor 3",8-10-2007
"CUIK3-07",8,1,,5,1,,45,"AW",,"AANV",,,8-10-2007
"CUIK3-07",8,1,,6,1,,46,"AW",,"AANV",,,8-10-2007
"CUIK3-07",8,1,201,3000,1,,47,"MIX",,"AANV",,,8-10-2007
"CUIK3-07",8,1,202,2001,1,,48,"AW",,"AANV",,,8-10-2007
"CUIK3-07",8,1,202,3000,1,,49,"AW",,"AANV",,,8-10-2007
"CUIK3-07",8,1,203,2001,1,,50,"AW",,"AANV",,,8-10-2007
"CUIK3-07",8,1,203,3000,1,,51,"AW",,"AANV",,,8-10-2007
"CUIK3-07",8,1,204,2000,1,,52,"AW",,"AANV",,,8-10-2007
"CUIK3-07",8,1,204,3000,1,,53,"AW",,"AANV",,,8-10-2007
"CUIK3-07",8,1,205,3000,1,,54,"AW",,"AANV",,,8-10-2007
"CUIK3-07",8,1,206,3000,1,,55,"AW",,"AANV",,,8-10-2007
"CUIK3-07",8,1,207,3000,1,,56,"AW",,"AANV",,,8-10-2007
"CUIK3-07",8,1,108,2001,1,,57,"AW",,"AANV",,,8-10-2007
"CUIK3-07",10,1,101,2000,1,,58,"AW",,"AANV",,,8-10-2007
"CUIK3-07",10,1,101,3000,1,,59,"AW",,"AANV",,,8-10-2007
"CUIK3-07",10,1,102,2001,1,,60,"AW",,"AANV",,,8-10-2007
"CUIK3-07",10,1,102,3000,1,,61,"AW",,"AANV",,,8-10-2007
"CUIK3-07",10,1,103,3000,1,,62,"AW",,"AANV",,,8-10-2007
"CUIK3-07",10,1,,96,1,,63,"AW",,"AANV",,,8-10-2007
"CUIK3-07",10,1,,11,1,,64,"AW",,"AANV",,,8-10-2007
"CUIK3-07",10,1,104,3000,1,,65,"AW",,"AANV",,,8-10-2007
"CUIK3-07",10,1,105,2001,1,,66,"AW",,"AANV",,,8-10-2007
"CUIK3-07",10,1,105,3000,1,,67,"AW",,"AANV",,,8-10-2007
"CUIK3-07",10,1,106,3000,1,,68,"AW",,"AANV",,,8-10-2007
"CUIK3-07",4,1,104,4000,1,,69,"AW",,"AANV",,,8-10-2007
"CUIK3-07",5,1,,3,1,,70,"NS",,"COUP",,,8-10-2007
"CUIK3-07",4,1,103,2000,1,,71,"AW",,"AANV",,,8-10-2007
"CUIK3-07",4,1,105,5000,1,,72,"MIX",,"AANV",,,8-10-2007
"CUIK3-07",1,2,,8,1,,73,"NS",,"AANV",,,8-10-2007
"CUIK3-07",8,2,,999,,,74,"AW",,,,"stort",8-10-2007
"CUIK3-07",8,2,101,3000,1,,75,"AW",,"AANV",,,8-10-2007
"CUIK3-07",8,2,102,3000,1,,76,"AW",,"AANV",,,8-10-2007
"CUIK3-07",8,2,103,3000,1,,77,"AW",,"AANV",,,8-10-2007
"CUIK3-07",8,2,,59,1,,78,"AW",,"AANV",,,8-10-2007
"CUIK3-07",6,1,,999,,,79,"AW",,,,"stortvondst zuidoostdeel WP6",8-10-2007
"CUIK3-07",8,2,,51,1,,80,"MIX",,"COUP",,,8-10-2007
"CUIK3-07",8,2,,49,1,,81,"MIX",,"COUP",,,8-10-2007
"CUIK3-07",14,1,,999,,,82,"AW",,,,"stort proefsleuf
oostelijke helft WP 14",8-10-2007
"CUIK3-07",14,1,201,3000,1,,83,"MIX",,"AANV",,,8-10-2007
"CUIK3-07",14,1,101,3000,1,,84,"MIX",,"AANV",,,8-10-2007
"CUIK3-07",14,1,102,3000,1,,85,"MIX",,"AANV",,,8-10-2007
"CUIK3-07",14,1,103,3000,1,,86,"MIX",,"AANV",,,8-10-2007
"CUIK3-07",14,1,104,3000,1,,87,"MIX",,"AANV",,,8-10-2007
"CUIK3-07",14,1,105,3000,1,,88,"MIX",,"AANV",,"neolitisch? versierd aardewerk",8-10-2007
"CUIK3-07",8,1,,999,,,89,"MIX",,,,"stort",8-10-2007
"CUIK3-07",10,1,108,2001,1,,90,"AW",,"AANV",,,8-10-2007
"CUIK3-07",10,1,109,2001,1,,91,"AW",,"AANV",,,8-10-2007
"CUIK3-07",10,1,201,3000,1,,92,"AW",,"AANV",,,8-10-2007
"CUIK3-07",10,1,102,3000,1,,93,"AW",,"MAA",,,8-10-2007
"CUIK3-07",8,2,,13,1,,94,"AW",,"AANV",,,8-10-2007
"CUIK3-07",6,2,301,5000,1,,95,"AW",,"AANV",,,8-10-2007
"CUIK3-07",6,2,,24,,,96,"AW",,"AANV",,,8-10-2007
"CUIK3-07",8,2,,92,1,,97,"AW",,"COUP",,,8-10-2007
"CUIK3-07",6,2,,25,,,98,"AW",,"AANV",,,8-10-2007
"CUIK3-07",8,2,,111,1,,99,"AW",,"COUP",,,8-10-2007
"CUIK3-07",8,2,,132,1,,100,"AW",,"COUP",,,8-10-2007
"CUIK3-07",10,1,204,3000,1,,101,"AW",,"AANV",,,8-10-2007
"CUIK3-07",10,1,205,3000,1,,102,"AW",,"AANV",,,8-10-2007
"CUIK3-07",2,1,303,3000,1,,103,"AW",,"AANV",,,8-10-2007
"CUIK3-07",2,1,304,3000,1,,104,"AW",,"AANV",,,8-10-2007
"CUIK3-07",2,1,305,3000,1,,105,"AW",,"AANV",,,8-10-2007
"CUIK3-07",10,1,208,4000,1,,106,"AW",,"AANV",,,8-10-2007
"CUIK3-07",10,1,209,4000,1,,107,"AW",,"AANV",,,8-10-2007
"CUIK3-07",2,1,101,3000,1,,108,"AW",,"AANV",,,8-10-2007
"CUIK3-07",2,1,205,3000,1,,109,"MET",,"AANV",,,8-10-2007
"CUIK3-07",8,2,,41,1,,110,"AW",,"AANV",,,8-10-2007
"CUIK3-07",8,2,,11,1,,111,"AW",,"COUP",,,8-10-2007
"CUIK3-07",8,2,,122,1,,112,"AW",,"COUP",,,8-10-2007
"CUIK3-07",8,2,,124,1,,113,"MIX",,"COUP",,,8-10-2007
"CUIK3-07",8,2,,7,1,,114,"MIX",,"AFW",,,8-10-2007
"CUIK3-07",8,2,,11,1,,115,"MIX",,"AFW",,,8-10-2007
"CUIK3-07",8,2,,51,,,116,"MIX",,"AFW",,,8-10-2007
"CUIK3-07",15,1,201,3000,1,,117,"AW",,"AANV",,,8-10-2007
"CUIK3-07",15,1,,2,1,,118,"AW",,"AANV",,,8-10-2007
"CUIK3-07",15,1,,999,1,,119,"AW",,"AANV",,,8-10-2007
"CUIK3-07",15,1,101,3000,1,,120,"MIX",,"AANV",,,8-10-2007
"CUIK3-07",16,1,,4,,,121,"MIX",,"AANV",,,8-10-2007
"CUIK3-07",15,1,103,3000,1,,122,"AW",,"AANV",,,8-10-2007
"CUIK3-07",15,1,104,3000,1,,123,"AW",,"AANV",,,8-10-2007
"CUIK3-07",15,1,,8,1,,124,"AW",,"AANV",,,8-10-2007
"CUIK3-07",15,1,,11,1,,125,"AW",,"AANV",,,8-10-2007
"CUIK3-07",16,1,,14,,,126,"MIX",,"AANV",,,8-10-2007
"CUIK3-07",16,1,,15,,,127,"MIX",,"AANV",,,8-10-2007
"CUIK3-07",16,1,,14,1,,128,"MIX",,"AANV",,"oostkant spoor",8-10-2007
"CUIK3-07",16,1,,14,,,129,"MET",,"DETC",,,8-10-2007
"CUIK3-07",16,1,204,3000,1,,130,"MIX",,"AANV",,,8-10-2007
"CUIK3-07",16,1,,7,,,131,"MIX",,"AANV",,,8-10-2007
"CUIK3-07",16,1,103,3000,1,,132,"MIX",,"AANV",,,8-10-2007
"CUIK3-07",16,1,205,3000,1,,133,"MIX",,"AANV",,,8-10-2007
"CUIK3-07",16,1,206,3000,1,,134,"MIX",,"AANV",,,8-10-2007
"CUIK3-07",16,1,104,3000,1,,135,"MIX",,"AANV",,,8-10-2007
"CUIK3-07",16,1,105,3000,1,,136,"MIX",,"AANV",,,8-10-2007
"CUIK3-07",16,1,106,3000,1,,137,"MIX",,"AANV",,,8-10-2007
"CUIK3-07",16,1,,19,,,138,"MIX",,"AANV",,,8-10-2007
"CUIK3-07",14,1,,12,,,139,"MIX",,"AANV",,,8-10-2007
"CUIK3-07",14,1,,13,1,,140,"AW",,"COUP",,,8-10-2007
"CUIK3-07",14,1,,8,1,,141,"AW",,"COUP",,,8-10-2007
"CUIK3-07",16,1,,24,1,,142,"MIX",,"COUP",,,8-10-2007
"CUIK3-07",16,1,,20,1,,143,"AW",,"COUP",,,8-10-2007
"CUIK3-07",16,1,,23,1,,144,"AW",,"COUP",,,8-10-2007
"CUIK3-07",16,1,,15,1,,145,"MET",,"DETC",,,8-10-2007
"CUIK3-07",16,1,104,2000,1,,146,"AW",,"AANV",,,8-10-2007
"CUIK3-07",16,1,,16,1,,147,"MIX",,"COUP",,,8-10-2007
"CUIK3-07",16,1,,26,1,,148,"MIX",,"COUP",,,8-10-2007
"CUIK3-07",16,1,,18,1,,149,"AW",,"COUP",,,8-10-2007
"CUIK3-07",16,1,,11,1,,150,"AW",,"COUP",,,8-10-2007
"CUIK3-07",16,1,,23,1,,151,"MET",,"DETC",,,8-10-2007
"CUIK3-07",16,1,,28,1,,152,"MIX",,"COUP",,,8-10-2007
"CUIK3-07",16,1,,29,1,,153,"MIX",,"COUP",,,8-10-2007
"CUIK3-07",16,1,,17,1,,154,"MIX",,"COUP",,,8-10-2007
"CUIK3-07",16,1,,15,1,,155,"AW",,"AANV",,,8-10-2007
"CUIK3-07",15,1,,6,1,,156,"AW",,"COUP",,,8-10-2007
"CUIK3-07",15,1,,21,1,,157,"MIX",,"COUP",,,8-10-2007
"CUIK3-07",15,1,,5,1,,158,"MET",,"COUP",,,8-10-2007
"CUIK3-07",16,1,,16,1,,159,"AW",,"AFW",,,8-10-2007
"CUIK3-07",16,1,,29,1,,160,"AW",,"AFW",,,8-10-2007
"CUIK3-07",11,2,,40,1,,161,"MIX",,"AANV",,,8-10-2007
"CUIK3-07",11,2,,42,1,,162,"MIX",,"COUP",,,8-10-2007
"CUIK3-07",11,2,,47,1,,163,"AW",,"COUP",,,8-10-2007
"CUIK3-07",11,2,,49,1,,164,"AW",,"COUP",,,8-10-2007
"CUIK3-07",11,1,,22,1,,165,,"MA","AFW",,,8-10-2007
"CUIK3-07",11,2,,57,1,,166,"AW",,"COUP",,,8-10-2007
"CUIK3-07",11,2,,59,1,,167,"MIX",,"COUP",,,8-10-2007
"CUIK3-07",11,2,,54,1,,168,"AW",,"AFW",,,8-10-2007
"CUIK3-07",11,2,,59,1,,169,,"MZ","AFW",,,8-10-2007
"CUIK3-07",10,1,,27,1,,170,"AW",,"COUP",,,8-10-2007
"CUIK3-07",14,2,,54,1,,171,"AW",,"AFW",,,8-10-2007
"CUIK3-07",14,2,,12,1,,172,,"MHK","AFW",,,8-10-2007
"CUIK3-07",14,2,,16,1,,173,,"MHK","AFW",,,8-10-2007
"CUIK3-07",15,2,,31,1,,174,"NS",,"COUP",,,8-10-2007
"CUIK3-07",15,2,103,3000,,,175,"AW",,"AANV",,,8-10-2007
"CUIK3-07",15,2,,999,,,176,"AW",,"AANV",,"NW hoek recent spoor",8-10-2007
"CUIK3-07",15,2,,33,,,177,"AW",,"AANV",,,8-10-2007
"CUIK3-07",15,2,,33,,,178,"MIX",,"COUP",,,8-10-2007
"CUIK3-07",15,2,,33,1,,179,"AW",,"AFW",,,8-10-2007
"CUIK3-07",16,2,,81,1,,180,"MIX",,"COUP",,,8-10-2007
"CUIK3-07",16,2,,77,1,,181,"AW",,"COUP",,,8-10-2007
"CUIK3-07",16,2,,78,1,,182,"AW",,"COUP",,,8-10-2007
"CUIK3-07",16,2,,76,,,183,"AW",,"COUP",,,8-10-2007
"CUIK3-07",16,2,,54,1,,184,"AW",,"COUP",,,8-10-2007
"CUIK3-07",16,2,,51,1,,185,"AW",,"COUP",,,8-10-2007
"CUIK3-07",16,2,,52,1,,186,"AW",,"COUP",,,8-10-2007
"CUIK3-07",16,2,,86,1,,187,"AW",,"COUP",,,8-10-2007
"CUIK3-07",16,2,,69,1,,188,"MIX",,"COUP",,,8-10-2007
"CUIK3-07",16,2,,88,1,,189,"MET",,"COUP",,,8-10-2007
"CUIK3-07",16,2,,38,1,,190,"MIX",,"COUP",,,8-10-2007
"CUIK3-07",16,2,,89,1,,191,"AW",,"COUP",,,8-10-2007
"CUIK3-07",16,2,,63,1,,192,"MIX",,"COUP",,,8-10-2007
"CUIK3-07",16,2,,91,1,,193,"AW",,"COUP",,,8-10-2007
"CUIK3-07",16,2,,92,1,,194,"MIX",,"COUP",,"spoornr?",8-10-2007
"CUIK3-07",16,2,,66,1,,195,"AW",,"COUP",,,8-10-2007
"CUIK3-07",16,2,,48,1,,196,"AW",,"AFW",,,8-10-2007
"CUIK3-07",16,2,,95,1,,197,"AW",,"AANV",,,8-10-2007
"CUIK3-07",16,2,,70,1,,198,"AW",,"COUP",,,8-10-2007
"CUIK3-07",16,2,,54,1,,199,"AW",,"AFW",,,8-10-2007
"CUIK3-07",16,2,,75,1,,200,"MET",,"AFW",,,8-10-2007
"CUIK3-07",8,2,,112,1,,201,"NS",,"AFW",,,8-10-2007
"CUIK3-07",8,2,,111,1,,202,"MIX",,"AFW",,,8-10-2007
"CUIK3-07",15,1,202,2000,1,,203,"AW",,"AANV",,,8-10-2007
"CUIK3-07",15,1,202,3000,1,,204,"AW",,"AANV",,,8-10-2007
"CUIK3-07",15,1,203,2000,1,,205,"AW",,"AANV",,,8-10-2007
"CUIK3-07",15,1,203,3000,1,,206,"AW",,"AANV",,,8-10-2007
"CUIK3-07",15,1,203,4000,1,,207,"AW",,"AANV",,,8-10-2007
"CUIK3-07",15,1,204,4000,1,,208,"AW",,"AANV",,,8-10-2007
"CUIK3-07",15,1,,18,1,,209,"AW",,"AANV",,,8-10-2007
"CUIK3-07",15,1,,24,1,,210,"AW",,"AANV",,,8-10-2007
"CUIK3-07",15,1,,25,1,,211,"AW",,"AANV",,,8-10-2007
"CUIK3-07",5,1,102,3000,1,,212,"AW",,"AANV",,,8-10-2007
"CUIK3-07",2,1,102,3000,1,,213,"AW",,"TROF",,,8-10-2007
"CUIK3-07",11,2,,4,1,,214,"AW",,"AANV",,,8-10-2007
"CUIK3-07",11,2,202,3000,1,,215,"AW",,"AANV",,,8-10-2007
"CUIK3-07",11,2,203,3000,1,,216,"MIX",,"AANV",,,8-10-2007
"CUIK3-07",11,2,204,2000,1,,217,"AW",,"AANV",,,8-10-2007
"CUIK3-07",11,2,205,4000,1,,218,"AW",,"AANV",,,8-10-2007
"CUIK3-07",11,2,206,2500,1,,219,"AW",,"AANV",,,8-10-2007
"CUIK3-07",11,101,206,2500,1,,220,"AW",,"AANV",,,8-10-2007
"CUIK3-07",11,2,206,3000,1,,221,"AW",,"AANV",,,8-10-2007
"CUIK3-07",11,2,210,3000,1,,222,"AW",,"AANV",,,8-10-2007
"CUIK3-07",11,2,211,3000,1,,223,"AW",,"AANV",,,8-10-2007
"CUIK3-07",999,1,,2000,,,224,"MIX",,,,"vondstnummer is vervallen!",8-10-2007
"CUIK3-07",11,2,,47,1,,225,"AW",,"AANV",,,8-10-2007
"CUIK3-07",11,2,,49,1,,226,"AW",,"AANV",,,8-10-2007
"CUIK3-07",11,2,,55,1,,227,"AW",,"AANV",,,8-10-2007
"CUIK3-07",11,2,,59,1,,228,"AW",,"AANV",,,8-10-2007
"CUIK3-07",11,2,108,3000,1,,229,"AW",,"AANV",,,8-10-2007
"CUIK3-07",9,1,101,3000,1,,230,"AW",,"AANV",,,8-10-2007
"CUIK3-07",9,1,,4,,,231,"AW",,"AANV",,,8-10-2007
"CUIK3-07",9,1,103,2000,1,,232,"MET",,"DETC",,,8-10-2007
"CUIK3-07",9,1,103,3000,1,,233,"AW",,"AANV",,,8-10-2007
"CUIK3-07",9,1,103,2001,1,,234,"AW",,"AANV",,,8-10-2007
"CUIK3-07",9,1,104,3000,1,,235,"AW",,"AANV",,,8-10-2007
"CUIK3-07",9,1,,13,1,,236,"AW",,"AANV",,,8-10-2007
"CUIK3-07",9,1,105,3000,1,,237,"AW",,"AANV",,,8-10-2007
"CUIK3-07",9,1,,16,1,,238,"AW",,"AANV",,,8-10-2007
"CUIK3-07",9,1,,21,1,,239,"AW",,"AANV",,,8-10-2007
"CUIK3-07",9,1,107,3000,1,,240,"AW",,"AANV",,,8-10-2007
"CUIK3-07",12,1,104,3000,1,,241,"AW",,"AANV",,,8-10-2007
"CUIK3-07",12,1,,3000,,,242,"MIX",,"AANV",,"vak ontbreekt",8-10-2007
"CUIK3-07",8,1,104,3000,1,,243,"MIX",,"MAA",,,8-10-2007
"CUIK3-07",12,1,1,3000,,,244,"MIX",,"AANV",,"noordzijde",8-10-2007
"CUIK3-07",11,1,,999,1,,245,"NS",,"AANV",,,8-10-2007
"CUIK3-07",16,2,101,3000,,,246,"AW",,"AANV",,,8-10-2007
"CUIK3-07",16,2,,7,,,247,"GLS",,"AANV",,,8-10-2007
"CUIK3-07",16,1,102,3000,,,248,"MIX",,"AANV",,,8-10-2007
"CUIK3-07",16,2,103,3000,,,249,"MIX",,"AANV",,,8-10-2007
"CUIK3-07",16,2,,44,,,250,"AW",,"AANV",,,8-10-2007
"CUIK3-07",16,2,105,3000,,,251,"AW",,"AANV",,,8-10-2007
"CUIK3-07",11,2,201,25,,,252,"MIX",,"AANV",,,8-10-2007
"CUIK3-07",16,2,,62,,,253,"AW",,"AANV",,,8-10-2007
"CUIK3-07",16,2,203,25,,,254,"MIX",,"AANV",,,8-10-2007
"CUIK3-07",16,2,,63,,,255,"MIX",,"AANV",,,8-10-2007
"CUIK3-07",16,2,,66,,,256,"AW",,"AANV",,,8-10-2007
"CUIK3-07",16,2,,69,,,257,"MIX",,"AANV",,,8-10-2007
"CUIK3-07",16,2,205,3000,1,,258,"MIX",,"AANV",,"uit mollenlaag",8-10-2007
"CUIK3-07",16,2,,76,,,259,"MIX",,"AANV",,,8-10-2007
"CUIK3-07",14,2,,51,1,,260,"MIX",,"COUP",,,8-10-2007
"CUIK3-07",10,1,,1,1,,261,"AW",,"COUP",,,8-10-2007
"CUIK3-07",9,1,201,3000,1,,262,"AW",,"AANV",,,8-10-2007
"CUIK3-07",9,1,202,3000,1,,263,"AW",,"AANV",,,8-10-2007
"CUIK3-07",9,1,203,3000,1,,264,"AW",,"AANV",,,8-10-2007
"CUIK3-07",9,1,,24,1,,265,"AW",,"AANV",,,8-10-2007
"CUIK3-07",9,1,204,3000,1,,266,"AW",,"AANV",,,8-10-2007
"CUIK3-07",9,1,205,3000,1,,267,"AW",,"AANV",,,8-10-2007
"CUIK3-07",9,1,206,3000,1,,268,"MIX",,"AANV",,,8-10-2007
"CUIK3-07",9,1,207,3000,1,,269,"AW",,"AANV",,,8-10-2007
"CUIK3-07",9,1,,39,1,,270,"AW",,"AANV",,,8-10-2007
"CUIK3-07",9,1,,40,1,,271,"AW",,"AANV",,,8-10-2007
"CUIK3-07",9,1,,41,1,,272,"AW",,"AANV",,,8-10-2007
"CUIK3-07",9,1,208,3000,1,,273,"AW",,"AANV",,,8-10-2007
"CUIK3-07",17,1,101,1,1,,274,"AW",,"AANV",,,8-10-2007
"CUIK3-07",17,1,102,1,1,,275,"AW",,"AANV",,,8-10-2007
"CUIK3-07",17,1,201,1,1,,276,"AW",,"AANV",,,8-10-2007
"CUIK3-07",17,1,202,1,1,,277,"AW",,"AANV",,,8-10-2007
"CUIK3-07",17,1,,3,1,,278,"MIX",,"AANV",,,8-10-2007
"CUIK3-07",7,1,101,1000,1,,279,"MIX",,"AANV",,,8-10-2007
"CUIK3-07",7,1,101,3000,1,,280,"AW",,"AANV",,,8-10-2007
"CUIK3-07",7,1,,13,1,,281,"AW",,"AANV",,,8-10-2007
"CUIK3-07",7,1,,11,1,,282,"AW",,"AANV",,,8-10-2007
"CUIK3-07",7,1,102,3000,1,,283,"AW",,"AANV",,,8-10-2007
"CUIK3-07",7,1,201,3000,1,,284,"AW",,"AANV",,,8-10-2007
"CUIK3-07",7,1,202,2000,1,,285,"AW",,"AANV",,,8-10-2007
"CUIK3-07",7,1,104,3000,1,,286,"AW",,"AANV",,,8-10-2007
"CUIK3-07",7,1,105,3000,1,,287,"AW",,"AANV",,,8-10-2007
"CUIK3-07",7,1,105,3000,1,,288,"MET",,"DETC",,,8-10-2007
"CUIK3-07",7,1,,39,1,,289,"AW",,"AANV",,,8-10-2007
"CUIK3-07",7,1,,40,1,,290,"AW",,"AANV",,,8-10-2007
"CUIK3-07",7,1,106,2001,1,,291,"AW",,"AANV",,,8-10-2007
"CUIK3-07",7,1,107,3000,1,,292,"AW",,"AANV",,,8-10-2007
"CUIK3-07",7,1,204,2001,1,,293,"AW",,"AANV",,,8-10-2007
"CUIK3-07",7,1,,62,1,,294,"AW",,"AANV",,,8-10-2007
"CUIK3-07",7,1,,75,1,,295,"AW","MCR","AFW",,"+ MZ; 2 emmers",8-10-2007
"CUIK3-07",7,1,,75,2,,296,"AW","MCR","AFW",,"+ MZ",8-10-2007
"CUIK3-07",7,1,,81,1,,297,,"MZ","AFW",,,8-10-2007
"CUIK3-07",7,1,,81,2,,298,"AW",,"AFW",,,8-10-2007
"CUIK3-07",7,1,208,2001,1,,299,"AW",,"AANV",,,8-10-2007
"CUIK3-07",7,1,,77,1,,300,"AW",,"AANV",,,8-10-2007
"CUIK3-07",7,1,206,3000,1,,301,"AW",,"AANV",,,8-10-2007
"CUIK3-07",7,1,,74,1,,302,"AW",,"AANV",,,8-10-2007
"CUIK3-07",7,1,,73,1,,303,"AW",,"AANV",,,8-10-2007
"CUIK3-07",7,1,,75,1,,304,"AW",,"AANV",,,8-10-2007
"CUIK3-07",7,1,205,3000,1,,305,"MIX",,"AANV",,,8-10-2007
"CUIK3-07",7,1,,69,1,,306,"AW",,"AANV",,,8-10-2007
"CUIK3-07",7,1,,70,1,,307,"AW",,"AANV",,,8-10-2007
"CUIK3-07",16,2,,40,1,,308,"AW",,"AFW",,,8-10-2007
"CUIK3-07",16,2,,38,1,,309,"AW",,"AFW",,,8-10-2007
"CUIK3-07",16,2,,25,1,,310,"MIX",,"AFW",,"zuid",8-10-2007
"CUIK3-07",16,2,,63,1,,311,"AW",,"AFW",,,8-10-2007
"CUIK3-07",16,2,,5,1,,312,"MIX",,"AFW",,,8-10-2007
"CUIK3-07",16,2,,4,1,,313,"MIX",,"COUP",,,8-10-2007
"CUIK3-07",16,2,,7,1,,314,"PIJP",,"COUP",,,8-10-2007
"CUIK3-07",16,2,,25,1,,315,"MIX",,"AFW",,"noord",8-10-2007
"CUIK3-07",16,2,,82,1,,316,"MIX",,"SCHA",,,8-10-2007
"CUIK3-07",16,2,,81,1,,317,"AW",,"AFW",,,8-10-2007
"CUIK3-07",16,2,,82,1,,318,"BOT",,"SCHA",,,8-10-2007
"CUIK3-07",16,3,,93,1,,319,"MIX",,"COUP",,,8-10-2007
"CUIK3-07",16,3,,93,1,,320,"AW",,"AFW",,,8-10-2007
"CUIK3-07",16,2,,64,,,321,"AW",,"COUP",,,8-10-2007
"CUIK3-07",16,2,,89,1,,322,"AW",,"COUP",,,8-10-2007
"CUIK3-07",16,2,,91,1,,323,"AW",,"COUP",,,8-10-2007
"CUIK3-07",16,2,,92,1,,324,"AW",,"COUP",,,8-10-2007
"CUIK3-07",24,2,101,3000,1,,325,"MIX",,"AANV",,,8-10-2007
"CUIK3-07",24,1,102,3000,1,,326,"MIX",,"AANV",,,8-10-2007
"CUIK3-07",24,1,103,4000,1,,327,"MIX",,"AANV",,,8-10-2007
"CUIK3-07",24,1,104,3000,1,,328,"MIX",,"AANV",,,8-10-2007
"CUIK3-07",24,1,106,3000,1,,329,"MIX",,"AANV",,,8-10-2007
"CUIK3-07",24,1,107,3000,1,,330,"MIX",,"AANV",,,8-10-2007
"CUIK3-07",24,1,108,3000,1,,331,"MIX",,"AANV",,,8-10-2007
"CUIK3-07",24,1,109,3000,1,,332,"MIX",,"AANV",,,8-10-2007
"CUIK3-07",19,2,,3000,,,333,"AW",,"AANV",,"vak ontbreekt",8-10-2007
"CUIK3-07",19,2,,135,1,,334,"AW",,"AFW",,,8-10-2007
"CUIK3-07",19,2,,103,1,,335,"AW",,"COUP",,,8-10-2007
"CUIK3-07",19,2,,144,1,,336,"AW",,"COUP",,,8-10-2007
"CUIK3-07",19,2,,144,1,,337,"AW",,"AFW",,,8-10-2007
"CUIK3-07",23,1,,50,1,,338,"VST",,"AANV",,,8-10-2007
"CUIK3-07",19,2,,5001,,,339,"AW",,"AANV",,,8-10-2007
"CUIK3-07",19,2,,3000,,,340,"AW",,"AANV",,"vak ontbreekt",8-10-2007
"CUIK3-07",23,1,,9,1,,341,"MIX",,"COUP",,"verbrande hazelnoot",8-10-2007
"CUIK3-07",23,1,,19,1,,342,"AW",,"COUP",,,8-10-2007
"CUIK3-07",23,1,,31,1,,343,"AW",,"COUP",,,8-10-2007
"CUIK3-07",23,1,,30,1,,344,"AW",,"COUP",,,8-10-2007
"CUIK3-07",23,1,,28,1,,345,"AW",,"COUP",,,8-10-2007
"CUIK3-07",23,1,,23,1,,346,"AW",,"COUP",,,8-10-2007
"CUIK3-07",23,2,,23,2,,347,"AW",,"AFW",,,8-10-2007
"CUIK3-07",23,1,,999,,,348,"AW",,,,"STORTVONDST: stort rondom WP 23",8-10-2007
"CUIK3-07",23,1,,41,1,,349,"AW",,"COUP",,,8-10-2007
"CUIK3-07",23,1,,5,,,350,"AW",,"COUP",,,8-10-2007
"CUIK3-07",23,1,,3,1,,351,,"MHK",,,,8-10-2007
"CUIK3-07",23,1,,94,1,,352,"AW",,"COUP",,,8-10-2007
"CUIK3-07",23,1,,44,1,,353,"AW",,"COUP",,,8-10-2007
"CUIK3-07",23,1,,98,1,,354,"AW",,"COUP",,,8-10-2007
"CUIK3-07",23,1,,81,1,,355,"AW",,"COUP",,,8-10-2007
"CUIK3-07",23,1,,83,1,,356,"AW",,"COUP",,,8-10-2007
"CUIK3-07",23,1,,84,,,357,"AW",,"COUP",,,8-10-2007
"CUIK3-07",23,1,,86,1,,358,"AW",,"COUP",,,8-10-2007
"CUIK3-07",23,1,,52,1,,359,"AW",,"COUP",,,8-10-2007
"CUIK3-07",23,1,,56,1,,360,"AW",,"COUP",,,8-10-2007
"CUIK3-07",23,1,,57,1,,361,"AW",,"COUP",,,8-10-2007
"CUIK3-07",23,1,,67,1,,362,"AW",,"AANV",,,8-10-2007
"CUIK3-07",23,1,,66,1,,363,"AW",,"COUP",,,8-10-2007
"CUIK3-07",23,1,,75,1,,364,"AW",,"COUP",,,8-10-2007
"CUIK3-07",23,1,,90,1,,365,"AW",,"COUP",,,8-10-2007
"CUIK3-07",23,1,,91,1,,366,"AW",,"COUP",,,8-10-2007
"CUIK3-07",23,1,,92,1,,367,"AW",,"COUP",,,8-10-2007
"CUIK3-07",23,1,,1,1,,368,"AW",,"AFW",,,8-10-2007
"CUIK3-07",23,1,,66,1,,369,"AW",,"AFW",,,8-10-2007
"CUIK3-07",23,1,,55,1,,370,"AW",,"AFW",,,8-10-2007
"CUIK3-07",23,1,,56,1,,371,"AW",,"AFW",,,8-10-2007
"CUIK3-07",23,1,,55,2,,372,"AW",,"AFW",,,8-10-2007
"CUIK3-07",23,1,,6,1,,373,"AW",,"AFW",,,8-10-2007
"CUIK3-07",23,1,,7,1,,374,"AW",,"AFW",,,8-10-2007
"CUIK3-07",13,1,,76,1,,375,"AW",,"COUP",,,8-10-2007
"CUIK3-07",13,1,,77,1,,376,"AW",,"COUP",,,8-10-2007
"CUIK3-07",13,1,,73,1,,377,"AW",,"COUP",,,8-10-2007
"CUIK3-07",13,1,,1,1,,378,"AW",,"COUP",,,8-10-2007
"CUIK3-07",13,1,,2,1,,379,"AW",,"COUP",,,8-10-2007
"CUIK3-07",13,1,,15,1,,380,"AW",,"COUP",,,8-10-2007
"CUIK3-07",13,1,,13,,,381,"AW",,"SCHA",,,8-10-2007
"CUIK3-07",13,1,,79,1,,382,"AW",,"COUP",,,8-10-2007
"CUIK3-07",13,1,,16,1,,383,"AW",,"COUP",,,8-10-2007
"CUIK3-07",13,1,,95,1,,384,"AW",,"COUP",,,8-10-2007
"CUIK3-07",13,1,,33,1,,385,"AW",,"COUP",,,8-10-2007
"CUIK3-07",13,1,,33,2,,386,"AW",,"COUP",,,8-10-2007
"CUIK3-07",13,1,,93,1,,387,"MIX",,"AFW",,,8-10-2007
"CUIK3-07",13,1,,94,1,,388,"MIX",,"AFW",,,8-10-2007
"CUIK3-07",13,1,,41,1,,389,"AW",,"COUP",,,8-10-2007
"CUIK3-07",13,1,,39,1,,390,"AW",,"COUP",,,8-10-2007
"CUIK3-07",13,1,,40,1,,391,"AW",,"COUP",,,8-10-2007
"CUIK3-07",13,1,,52,1,,392,"MIX",,"COUP",,,8-10-2007
"CUIK3-07",13,1,,54,1,,393,"MIX",,"COUP",,,8-10-2007
"CUIK3-07",13,1,,51,1,,394,"MIX",,"COUP",,,8-10-2007
"CUIK3-07",13,1,,10,1,,395,"AW",,"AFW",,,8-10-2007
"CUIK3-07",13,1,,77,1,,396,"AW",,"AFW",,,8-10-2007
"CUIK3-07",13,1,,35,1,,397,"MIX",,"COUP",,,8-10-2007
"CUIK3-07",13,1,,27,1,,398,"MIX",,"COUP",,,8-10-2007
"CUIK3-07",13,1,,29,1,,399,"AW",,"COUP",,,8-10-2007
"CUIK3-07",13,1,,30,1,,400,"AW",,"COUP",,,8-10-2007
"CUIK3-07",11,2,,62,1,,401,"AW",,"AANV",,,8-10-2007
"CUIK3-07",11,2,,63,1,,402,"AW",,"AANV",,,8-10-2007
"CUIK3-07",11,3,201,3500,1,,403,"MIX",,"AANV",,,8-10-2007
"CUIK3-07",11,3,,21,1,,404,"AW",,"AANV",,,8-10-2007
"CUIK3-07",9,1,208,3000,1,,405,"AW",,"AANV",,,8-10-2007
"CUIK3-07",9,1,209,3000,1,,406,"AW",,"AANV",,,8-10-2007
"CUIK3-07",7,1,,78,1,,407,"AW",,"AANV",,,8-10-2007
"CUIK3-07",7,1,,78,1,,408,"AW",,"AANV",,,8-10-2007
"CUIK3-07",7,1,207,2001,1,,409,"AW",,"AANV",,,8-10-2007
"CUIK3-07",7,1,207,3000,1,,410,"AW",,"AANV",,,8-10-2007
"CUIK3-07",7,1,,2001,1,,411,"MET",,"AANV",,,8-10-2007
"CUIK3-07",9,1,109,4000,1,,412,"MIX",,"SCHA",,,8-10-2007
"CUIK3-07",19,1,,1,1,,413,"AW",,"AANV",,,8-10-2007
"CUIK3-07",19,1,,2,1,,414,"AW",,"AANV",,,8-10-2007
"CUIK3-07",19,1,,9,1,,415,"AW",,"AANV",,,8-10-2007
"CUIK3-07",19,1,,21,1,,416,"AW",,"AANV",,,8-10-2007
"CUIK3-07",19,1,,26,1,,417,"AW",,"AANV",,,8-10-2007
"CUIK3-07",19,1,,34,1,,418,"AW",,"AANV",,,8-10-2007
"CUIK3-07",19,1,,41,1,,419,"AW",,"AANV",,,8-10-2007
"CUIK3-07",19,1,,44,1,,420,"MIX",,"AANV",,,8-10-2007
"CUIK3-07",19,1,103,2000,1,,421,"AW",,"AANV",,,8-10-2007
"CUIK3-07",19,1,103,3000,1,,422,"AW",,"AANV",,,8-10-2007
"CUIK3-07",19,1,203,3000,1,,423,"AW",,"AANV",,,8-10-2007
"CUIK3-07",19,1,104,3000,1,,424,"AW",,"AANV",,,8-10-2007
"CUIK3-07",19,1,,11,1,,425,"AW",,"AANV",,,8-10-2007
"CUIK3-07",19,1,102,4000,1,,426,"AW",,"AANV",,,8-10-2007
"CUIK3-07",19,1,101,4000,1,,427,"AW",,"AANV",,,8-10-2007
"CUIK3-07",19,1,202,4000,1,,428,"AW",,"AANV",,,8-10-2007
"CUIK3-07",19,1,,65,1,,429,"AW",,"AANV",,,8-10-2007
"CUIK3-07",19,1,,66,1,,430,"AW",,"AANV",,,8-10-2007
"CUIK3-07",19,1,,999,,,431,"NS",,,,"stortvondst rond vakken 201/202; kubussteen",8-10-2007
"CUIK3-07",19,1,,74,1,,432,"AW",,"AANV",,,8-10-2007
"CUIK3-07",19,1,,64,1,,433,"AW",,"COUP",,,8-10-2007
"CUIK3-07",12,104,,2000,,,434,,"MA","SCHA",,"6 x monster voor korrelgrootte (Jos)",8-10-2007
"CUIK3-07",2,102,,2000,,,435,,"MA","SCHA",,"4 x monster voor korrelgrootte (Jos)",8-10-2007
"CUIK3-07",19,1,,81,1,,436,"AW",,"AANV",,,8-10-2007
"CUIK3-07",19,1,,87,1,,437,"AW",,"AANV",,"napje?; smeltkroes?",8-10-2007
"CUIK3-07",19,1,105,3000,1,,438,"MIX",,"AANV",,,8-10-2007
"CUIK3-07",19,1,,87,1,,439,"MIX",,"AANV",,,8-10-2007
"CUIK3-07",19,1,106,3000,1,,440,"NS",,"PUNT",,"aavl puntvondst: stenen bijl!",8-10-2007
"CUIK3-07",19,1,106,3000,1,,441,"AW",,"PUNT",,"aanv puntvondst",8-10-2007
"CUIK3-07",19,1,106,90,1,,442,"AW",,"PUNT",,"aanv puntvondst",8-10-2007
"CUIK3-07",19,1,106,91,1,,443,"AW",,"PUNT",,"aanv puntvondst",8-10-2007
"CUIK3-07",19,1,106,3000,1,,444,"AW",,"PUNT",,"aanv puntvondst",8-10-2007
"CUIK3-07",19,1,106,3000,1,,445,"AW",,"AANV",,"WESTKANT VAN VAK 106; BIJ S90-91 EN VNR440 EV.",8-10-2007
"CUIK3-07",19,1,,52,1,,446,"AW",,"COUP",,,8-10-2007
"CUIK3-07",19,1,,48,1,,447,"AW",,"COUP",,,8-10-2007
"CUIK3-07",19,1,,66,1,,448,"AW",,"COUP",,,8-10-2007
"CUIK3-07",19,1,,74,1,,449,"AW",,"COUP",,,8-10-2007
"CUIK3-07",15,104,,2000,,,450,,"MA","SCHA",,"4 x monster voor korrelgrootte (Jos)",8-10-2007
"CUIK3-07",15,104,,999,,,451,"AW",,"SCHA",,"puntvondst profiel",8-10-2007
"CUIK3-07",15,104,,999,,,452,"AW",,"SCHA",,"puntvondst profiel",8-10-2007
"CUIK3-07",15,104,,2001,1,,453,"AW",,"SCHA",,"puntvondst profiel (uit speudo-esdek)",8-10-2007
"CUIK3-07",18,2,,19,1,,454,"AW",,"AFW",,,8-10-2007
"CUIK3-07",7,1,,77,1,,455,"MIX",,"ZEEF",,"restant zeef 4mm",8-10-2007
"CUIK3-07",7,1,,56,1,,456,"AW",,"COUP",,,8-10-2007
"CUIK3-07",7,1,,8,,,457,"MIX",,"COUP",,,8-10-2007
"CUIK3-07",18,1,,4,1,,458,"MIX",,"AANV",,,8-10-2007
"CUIK3-07",18,2,101,3000,1,,459,"MIX",,"AANV",,,8-10-2007
"CUIK3-07",18,2,102,3000,1,,460,"MIX",,"AANV",,,8-10-2007
"CUIK3-07",18,2,103,3000,1,,461,"MIX",,"AANV",,,8-10-2007
"CUIK3-07",18,2,201,3000,1,,462,"MIX",,"AANV",,,8-10-2007
"CUIK3-07",18,2,202,3000,1,,463,"MIX",,"AANV",,,8-10-2007
"CUIK3-07",18,2,,20,1,,464,"AW",,"AANV",,,8-10-2007
"CUIK3-07",20,1,207,3000,1,,465,"MIX",,"AANV",,,8-10-2007
"CUIK3-07",9,1,,19,,,466,"AW",,"AFW",,,8-10-2007
"CUIK3-07",9,1,,40,,,467,"AW",,"AFW",,,8-10-2007
"CUIK3-07",7,1,,77,1,,468,"AW",,"COUP",,,8-10-2007
"CUIK3-07",7,1,,74,1,,469,"AW",,"COUP",,,8-10-2007
"CUIK3-07",7,1,,71,,,470,"AW",,"COUP",,,8-10-2007
"CUIK3-07",7,1,,42,,,471,"AW",,"COUP",,,8-10-2007
"CUIK3-07",7,1,,73,,,472,"MIX",,"COUP",,,8-10-2007
"CUIK3-07",7,1,,76,,,473,"AW",,"COUP",,,8-10-2007
"CUIK3-07",7,1,,35,1,,474,"AW",,"COUP",,"spoornr?",8-10-2007
"CUIK3-07",7,1,,33,,,475,"AW",,"COUP",,,8-10-2007
"CUIK3-07",7,1,,7,,,476,"AW",,"COUP",,,8-10-2007
"CUIK3-07",7,1,,12,,,477,"AW",,"COUP",,,8-10-2007
"CUIK3-07",7,1,,13,,,478,"MIX",,"COUP",,,8-10-2007
"CUIK3-07",6,1,,20,1,,479,"AW",,"COUP",,,8-10-2007
"CUIK3-07",7,1,,78,1,,480,"MIX",,"COUP",,,8-10-2007
"CUIK3-07",9,1,,39,1,,481,"MIX",,"AFW",,,8-10-2007
"CUIK3-07",9,2,,6,1,,482,"AW",,"COUP",,,8-10-2007
"CUIK3-07",6,1,,22,1,,483,"AW",,"AFW",,,8-10-2007
"CUIK3-07",9,1,,4,1,,484,"AW",,"COUP",,,8-10-2007
"CUIK3-07",16,3,,98,1,,485,"AW",,"COUP",,,8-10-2007
"CUIK3-07",7,1,,82,1,,486,"AW",,"AFW",,,8-10-2007
"CUIK3-07",6,1,,22,2,,487,,"MZ","AFW",,,8-10-2007
"CUIK3-07",7,1,,65,1,,488,"AW",,"AFW",,,8-10-2007
"CUIK3-07",7,1,,6,1,,489,"AW",,"AFW",,,8-10-2007
"CUIK3-07",7,1,,13,1,,490,"AW",,"AFW",,,8-10-2007
"CUIK3-07",7,1,,13,1,,491,"AW",,"COUP",,,8-10-2007
"CUIK3-07",7,1,,8,1,,492,"AW",,"AFW",,,8-10-2007
"CUIK3-07",7,1,,78,1,,493,,"MHK","AFW",,,8-10-2007
"CUIK3-07",7,1,,25,1,,494,"AW",,"NS",,,8-10-2007
"CUIK3-07",7,1,,8,2,,495,"AW",,"AFW",,,8-10-2007
"CUIK3-07",7,1,,7,1,,496,"AW",,"AFW",,,8-10-2007
"CUIK3-07",7,1,,5,1,,497,"AW",,"AFW",,,8-10-2007
"CUIK3-07",7,1,,28,1,,498,"AW",,"AFW",,,8-10-2007
"CUIK3-07",7,1,,73,1,,499,"AW",,"AFW",,,8-10-2007
"CUIK3-07",6,1,,20,1,,500,"AW",,"AFW",,,8-10-2007
"CUIK3-07",7,1,,999,,,636,"AW",,,,"stortvondsten",8-10-2007
"CUIK3-07",20,1,,2,1,,637,"AW",,"COUP",,,8-10-2007
"CUIK3-07",20,1,,3,1,,638,"AW",,"COUP",,,8-10-2007
"CUIK3-07",20,1,,5,1,,639,"AW",,"COUP",,,8-10-2007
"CUIK3-07",20,1,,13,1,,640,"AW",,"AANV",,,8-10-2007
"CUIK3-07",20,1,,22,1,,641,"AW",,"AANV",,,8-10-2007
"CUIK3-07",20,1,,33,1,,642,"AW",,"COUP",,,8-10-2007
"CUIK3-07",22,1,105,3000,1,,643,"MIX",,"AANV",,,8-10-2007
"CUIK3-07",22,1,104,3000,1,,644,"MIX",,"AANV",,,8-10-2007
"CUIK3-07",22,1,,9,1,,645,"MIX",,"AANV",,,8-10-2007
"CUIK3-07",22,1,103,4000,1,,646,"MIX",,"AANV",,"mollenlaag",8-10-2007
"CUIK3-07",22,1,,8,1,,647,"MIX",,"AANV",,,8-10-2007
"CUIK3-07",21,1,,14,,,648,,"MZ","COUP",,"verbrande eikels uit vu1 en vu2",8-10-2007
"CUIK3-07",21,1,,14,,,649,,"MC14","COUP",,"verbrande eikels uit vu1 en vu2",8-10-2007
"CUIK3-07",21,1,,14,1,,650,,"MZ","COUP",,"verbrande eikels!",8-10-2007
"CUIK3-07",21,1,,1,1,,651,"MIX",,"COUP",,,8-10-2007
"CUIK3-07",21,1,,15,1,,652,"MIX",,"COUP",,,8-10-2007
"CUIK3-07",21,1,,19,1,,653,"MIX",,"COUP",,,8-10-2007
"CUIK3-07",21,1,,2,1,,654,"AW",,"COUP",,,8-10-2007
"CUIK3-07",21,1,,7,1,,655,"AW",,"AFW",,,8-10-2007
"CUIK3-07",21,1,,13,1,,656,"AW",,"AANV",,,8-10-2007
"CUIK3-07",23,1,,64,1,,657,"AW",,"AANV",,,8-10-2007
"CUIK3-07",23,1,,3,1,,658,"AW",,"AANV",,,8-10-2007
"CUIK3-07",23,1,,6,1,,659,"AW",,"AANV",,,8-10-2007
"CUIK3-07",23,1,,42,1,,660,"AW",,"AANV",,,8-10-2007
"CUIK3-07",23,1,,19,1,,661,"AW",,"AANV",,,8-10-2007
"CUIK3-07",23,1,107,5000,1,,662,"MIX",,"AANV",,,8-10-2007
"CUIK3-07",23,1,,40,1,,663,"MIX",,"AANV",,,8-10-2007
"CUIK3-07",23,1,,100,1,,664,"AW",,"AANV",,,8-10-2007
"CUIK3-07",23,1,112,3000,1,,665,"MIX",,"AANV",,,8-10-2007
"CUIK3-07",23,1,116,3000,1,,666,"AW",,"AANV",,,8-10-2007
"CUIK3-07",23,1,114,3000,1,,667,"NS",,"AANV",,,8-10-2007
"CUIK3-07",23,1,212,3000,1,,668,"MIX",,"AANV",,,8-10-2007
"CUIK3-07",23,1,,37,1,,669,"AW",,"AANV",,,8-10-2007
"CUIK3-07",23,1,211,3000,1,,670,"MIX",,"AANV",,,8-10-2007
"CUIK3-07",23,1,,92,1,,671,"AW",,"AANV",,,8-10-2007
"CUIK3-07",23,1,,101,1,,672,"AW",,"AANV",,,8-10-2007
"CUIK3-07",23,1,111,50,1,,673,"MIX",,"AANV",,,8-10-2007
"CUIK3-07",23,1,,90,1,,674,"AW",,"AANV",,,8-10-2007
"CUIK3-07",23,1,210,50,1,,675,"MIX",,"AANV",,,8-10-2007
"CUIK3-07",23,1,207,50,1,,676,"MIX",,"AANV",,,8-10-2007
"CUIK3-07",19,1,106,3000,1,,677,"AW",,"AANV",,,8-10-2007
"CUIK3-07",19,1,106,3000,1,,678,"MET",,"AANV",,,8-10-2007
"CUIK3-07",19,1,,95,1,,679,"AW",,"AANV",,,8-10-2007
"CUIK3-07",19,1,107,3000,1,,680,"MIX",,"AANV",,,8-10-2007
"CUIK3-07",19,1,107,2000,1,,681,"AW",,"AANV",,,8-10-2007
"CUIK3-07",19,1,205,3000,1,,682,"AW",,"AANV",,,8-10-2007
"CUIK3-07",19,1,108,3000,1,,683,"AW",,"AANV",,,8-10-2007
"CUIK3-07",19,1,110,2000,1,,684,"MIX",,"AANV",,,8-10-2007
"CUIK3-07",19,1,111,2000,1,,685,"AW",,"AANV",,,8-10-2007
"CUIK3-07",19,1,111,3000,1,,686,"AW",,"AANV",,,8-10-2007
"CUIK3-07",19,1,112,3000,1,,687,"MIX",,"AANV",,,8-10-2007
"CUIK3-07",19,1,,76,1,,688,"AW",,"SCHA",,"S76 is NVD",8-10-2007
"CUIK3-07",19,1,,49,1,,689,"AW",,"AFW",,,8-10-2007
"CUIK3-07",19,1,,48,1,,690,"AW",,"COUP",,,8-10-2007
"CUIK3-07",19,1,,64,1,,691,"AW",,"AFW",,,8-10-2007
"CUIK3-07",19,1,,1,1,,692,"AW",,"AFW",,,8-10-2007
"CUIK3-07",19,1,,52,1,,693,"AW",,"AFW",,,8-10-2007
"CUIK3-07",19,1,,46,1,,694,"AW",,"COUP",,,8-10-2007
"CUIK3-07",19,1,,47,1,,695,"AW",,"COUP",,,8-10-2007
"CUIK3-07",19,1,,9,1,,696,"MIX",,"AFW",,,8-10-2007
"CUIK3-07",19,1,,14,1,,697,"AW",,"AFW",,,8-10-2007
"CUIK3-07",19,1,,13,1,,698,"AW",,"COUP",,,8-10-2007
"CUIK3-07",19,1,,18,1,,699,"AW",,"AFW",,,8-10-2007
"CUIK3-07",19,1,113,3000,1,,700,"AW",,"AANV",,,8-10-2007
"CUIK3-07",19,1,,102,1,,701,"AW",,"AANV",,,8-10-2007
"CUIK3-07",19,1,207,3000,1,,702,"AW",,"AANV",,,8-10-2007
"CUIK3-07",19,1,,111,1,,703,"AW",,"AANV",,,8-10-2007
"CUIK3-07",19,1,,53,1,,704,"AW",,"AFW",,,8-10-2007
"CUIK3-07",19,1,,66,1,,705,"AW",,"AANV",,,8-10-2007
"CUIK3-07",19,1,,20,1,,706,"AW",,"AFW",,,8-10-2007
"CUIK3-07",19,1,,29,1,,707,"AW",,"AFW",,,8-10-2007
"CUIK3-07",19,1,,19,1,,708,"AW",,"AFW",,,8-10-2007
"CUIK3-07",19,1,,26,1,,709,"NS",,"AFW",,,8-10-2007
"CUIK3-07",19,1,208,2001,1,,710,"AW",,"AANV",,,8-10-2007
"CUIK3-07",19,1,208,115,1,,711,"AW",,"PUNT",,"aanv puntvondst",8-10-2007
"CUIK3-07",19,1,208,114,1,,712,"MIX",,"AANV",,"ook ingemeten",8-10-2007
"CUIK3-07",19,1,208,4000,1,,713,"AW",,"AANV",,,8-10-2007
"CUIK3-07",19,1,209,3000,1,,714,"AW",,"AANV",,,8-10-2007
"CUIK3-07",19,1,210,3000,1,,715,"AW",,"AANV",,,8-10-2007
"CUIK3-07",19,1,210,2001,1,,716,"MET",,"PUNT",,"aavl; detectorvondst; meslemmet",8-10-2007
"CUIK3-07",19,1,211,2001,1,,717,"MET",,"PUNT",,"aavl; detectorvondst",8-10-2007
"CUIK3-07",19,1,210,2001,1,,718,"MIX",,"AANV",,,8-10-2007
"CUIK3-07",19,1,211,3000,1,,719,"VST",,"PUNT",,"aavl",8-10-2007
"CUIK3-07",19,1,211,2001,1,,720,"AW",,"AANV",,,8-10-2007
"CUIK3-07",19,1,211,3000,1,,721,"AW",,"AANV",,,8-10-2007
"CUIK3-07",19,1,212,119,1,,722,"AW",,"AANV",,,8-10-2007
"CUIK3-07",19,1,212,3000,1,,723,"AW",,"AANV",,,8-10-2007
"CUIK3-07",19,1,,120,1,,724,"AW",,"AANV",,,8-10-2007
"CUIK3-07",19,1,213,119,1,,725,"AW",,"AANV",,,8-10-2007
"CUIK3-07",19,1,,79,3,,726,,"MZ","AFW",,,8-10-2007
"CUIK3-07",19,1,,79,2,,727,,"MZ","COUP",,,8-10-2007
"CUIK3-07",19,1,,77,1,,728,"AW",,"AFW",,,8-10-2007
"CUIK3-07",19,1,,93,1,,729,"AW",,"COUP",,,8-10-2007
"CUIK3-07",19,1,,87,1,,730,"MIX",,"COUP",,,8-10-2007
"CUIK3-07",19,1,,114,1,,731,"MIX",,"COUP",,,8-10-2007
"CUIK3-07",19,1,,95,1,,732,"AW",,"AFW",,,8-10-2007
"CUIK3-07",19,1,,87,1,,733,"MIX",,"AFW",,,8-10-2007
"CUIK3-07",19,1,,98,1,,734,,"MHK","AFW",,,8-10-2007
"CUIK3-07",19,1,,116,1,,735,"AW",,"COUP",,,8-10-2007
"CUIK3-07",19,1,,103,2,,736,"AW",,"COUP",,,8-10-2007
"CUIK3-07",19,1,,117,1,,737,"AW",,"COUP",,,8-10-2007
"CUIK3-07",19,1,,102,1,,738,"AW",,"COUP",,,8-10-2007
"CUIK3-07",22,1,,17,1,,739,"MIX",,"AANV",,,8-10-2007
"CUIK3-07",22,1,,26,1,,740,"AW",,"AANV",,,8-10-2007
"CUIK3-07",22,1,,2,1,,741,"AW",,"AANV",,,8-10-2007
"CUIK3-07",22,1,106,4000,1,,742,"AW",,"AANV",,,8-10-2007
"CUIK3-07",22,1,105,4000,1,,743,"AW",,"AANV",,,8-10-2007
"CUIK3-07",22,1,,12,1,,744,"AW",,"COUP",,,8-10-2007
"CUIK3-07",22,1,205,4000,1,,745,"MIX",,"AANV",,,8-10-2007
"CUIK3-07",22,1,204,4000,1,,746,"MIX",,"AANV",,,8-10-2007
"CUIK3-07",22,1,203,3000,1,,747,"MIX",,"AANV",,,8-10-2007
"CUIK3-07",21,1,201,3000,1,,748,"AW",,"AANV",,,8-10-2007
"CUIK3-07",21,1,101,3000,1,,749,"MIX",,"AANV",,,8-10-2007
"CUIK3-07",21,1,202,3000,1,,750,"MIX",,"AANV",,,8-10-2007
"CUIK3-07",21,1,201,3000,1,,751,"MIX",,"AANV",,,8-10-2007
"CUIK3-07",23,1,,55,1,,752,"MIX",,"AANV",,,8-10-2007
"CUIK3-07",22,1,,5,1,,753,"AW",,"AANV",,,8-10-2007
"CUIK3-07",22,1,101,2002,1,,754,"AW",,"AANV",,,8-10-2007
"CUIK3-07",22,1,101,2001,1,,755,"AW",,"AANV",,,8-10-2007
"CUIK3-07",21,1,201,2000,1,,756,"AW",,"AANV",,,8-10-2007
"CUIK3-07",22,1,,26,1,,757,,"MHK","AFW",,,8-10-2007
"CUIK3-07",22,1,,26,2,,758,,"MHK","AFW",,,8-10-2007
"CUIK3-07",22,1,,26,4,,759,"MIX",,"AANV",,"BS uit vu 4",8-10-2007
"CUIK3-07",22,1,,14,1,,760,"AW",,"COUP",,,8-10-2007
"CUIK3-07",22,1,,13,1,,761,"AW",,"COUP",,,8-10-2007
"CUIK3-07",22,1,,15,1,,762,"AW",,"COUP",,,8-10-2007
"CUIK3-07",22,1,,28,1,,763,"AW",,"AFW",,,8-10-2007
"CUIK3-07",22,1,,28,1,,764,"AW",,"COUP",,,8-10-2007
"CUIK3-07",22,1,,29,1,,765,"MIX",,"COUP",,,8-10-2007
"CUIK3-07",22,1,,16,1,,766,"AW",,"COUP",,,8-10-2007
"CUIK3-07",22,1,,24,1,,767,"MIX",,"COUP",,,8-10-2007
"CUIK3-07",22,1,,7,1,,768,"MIX",,"AFW",,,8-10-2007
"CUIK3-07",22,1,,25,1,,769,"AW",,"COUP",,,8-10-2007
"CUIK3-07",22,1,,29,1,,770,"AW",,"AFW",,,8-10-2007
"CUIK3-07",22,1,,30,1,,771,"AW",,"COUP",,,8-10-2007
"CUIK3-07",22,1,,26,1,,772,"AW",,"COUP",,,8-10-2007
"CUIK3-07",22,1,,27,1,,773,"AW",,"COUP",,,8-10-2007
"CUIK3-07",22,1,,4000,1,,774,"AW",,"AFW",,,8-10-2007
"CUIK3-07",23,1,,3,1,,775,"AW",,"AFW",,,8-10-2007
"CUIK3-07",13,1,,23,1,,777,"AW",,"AANV",,,8-10-2007
"CUIK3-07",13,1,,24,1,,778,"AW",,"AANV",,,8-10-2007
"CUIK3-07",13,1,,31,1,,779,"AW",,"AANV",,,8-10-2007
"CUIK3-07",13,1,,33,1,,780,"MIX",,"AANV",,,8-10-2007
"CUIK3-07",13,1,,35,1,,781,"AW",,"AANV",,,8-10-2007
"CUIK3-07",13,1,,46,1,,782,"AW",,"AANV",,,8-10-2007
"CUIK3-07",13,1,,95,1,,783,"AW",,"AANV",,,8-10-2007
"CUIK3-07",13,1,,63,1,,784,"AW",,"AANV",,,8-10-2007
"CUIK3-07",13,1,,103,1,,785,"AW",,"AANV",,,8-10-2007
"CUIK3-07",13,1,,89,1,,786,"MIX",,"AANV",,,8-10-2007
"CUIK3-07",13,1,,85,1,,787,"AW",,"AANV",,,8-10-2007
"CUIK3-07",13,1,,113,1,,788,"AW",,"AANV",,,8-10-2007
"CUIK3-07",13,1,101,3000,1,,789,"MIX",,"AANV",,,8-10-2007
"CUIK3-07",13,1,103,3000,1,,790,"AW",,"AANV",,,8-10-2007
"CUIK3-07",13,1,104,3000,1,,791,"MIX",,"AANV",,,8-10-2007
"CUIK3-07",13,1,106,3000,1,,792,"AW",,"AANV",,,8-10-2007
"CUIK3-07",22,2,,31,1,,793,"MIX",,"AANV",,,8-10-2007
"CUIK3-07",22,1,103,3000,1,,794,"NS",,"AANV",,,8-10-2007
"CUIK3-07",25,1,101,3000,,,795,"MIX",,"AANV",,,8-10-2007
"CUIK3-07",25,1,102,3000,1,,796,"MIX",,"AANV",,,8-10-2007
"CUIK3-07",25,1,103,3000,,,797,"MIX",,"AANV",,,8-10-2007
"CUIK3-07",25,1,106,3000,1,,798,"MIX",,"AANV",,,8-10-2007
"CUIK3-07",25,1,,18,1,,799,"AW",,"AANV",,,8-10-2007
"CUIK3-07",23,1,,66,2,,800,"AW",,"AFW",,,8-10-2007
"CUIK3-07",23,1,,92,1,,801,"AW",,"AFW",,,8-10-2007
"CUIK3-07",23,1,,92,2,,802,"AW",,"AFW",,,8-10-2007
"CUIK3-07",23,1,,82,1,,803,"AW",,"AFW",,,8-10-2007
"CUIK3-07",23,1,,50,1,,804,"AW",,"AANV",,,8-10-2007
"CUIK3-07",23,1,,90,1,,805,"AW",,"COUP",,,8-10-2007
"CUIK3-07",23,1,,102,1,,806,"AW",,"COUP",,,8-10-2007
"CUIK3-07",23,1,,101,1,,807,"AW",,"COUP",,,8-10-2007
"CUIK3-07",23,1,,95,1,,808,"AW",,"AFW",,,8-10-2007
"CUIK3-07",23,1,,92,1,,809,"BOT",,"AFW",,"17 onder vlak",8-10-2007
"CUIK3-07",23,1,,92,,,810,,"MHK","COUP",,,8-10-2007
"CUIK3-07",23,1,,92,,,811,"MIX",,"AFW",,,8-10-2007
"CUIK3-07",23,1,,92,1,,812,"AW",,"AFW",,"spoornummer?",8-10-2007
"CUIK3-07",23,1,,96,1,,813,"AW",,"AFW",,,8-10-2007
"CUIK3-07",23,1,,93,2,,814,"AW",,"AFW",,,8-10-2007
"CUIK3-07",23,1,,101,1,,815,"AW",,"AFW",,,8-10-2007
"CUIK3-07",23,1,,108,1,,816,"AW",,"AFW",,,8-10-2007
"CUIK3-07",23,102,,93,1,,817,"AW",,"AANV",,,8-10-2007
"CUIK3-07",23,1,,50,1,,818,"VST",,"COUP",,,8-10-2007
"CUIK3-07",13,1,,87,,,819,"AW",,"AFW",,,8-10-2007
"CUIK3-07",13,1,,31,1,,820,"MIX",,"COUP",,,8-10-2007
"CUIK3-07",13,1,,26,1,,821,"AW",,"AANV",,,8-10-2007
"CUIK3-07",13,1,,56,1,,822,"MIX",,"COUP",,,8-10-2007
"CUIK3-07",13,1,,44,1,,823,"AW",,"COUP",,,8-10-2007
"CUIK3-07",13,1,,58,1,,824,"AW",,"COUP",,,8-10-2007
"CUIK3-07",13,1,,57,1,,825,"AW",,"COUP",,,8-10-2007
"CUIK3-07",13,1,,98,1,,826,"AW",,"COUP",,,8-10-2007
"CUIK3-07",13,1,,113,1,,827,"AW",,"COUP",,,8-10-2007
"CUIK3-07",13,1,,113,2,,828,"MIX",,"COUP",,,8-10-2007
"CUIK3-07",13,1,,60,1,,829,"MET",,"COUP",,,8-10-2007
"CUIK3-07",13,1,,61,1,,830,"MIX",,"COUP",,,8-10-2007
"CUIK3-07",13,1,,62,1,,831,"MET",,"COUP",,,8-10-2007
"CUIK3-07",13,1,,63,1,,832,"MIX",,"COUP",,,8-10-2007
"CUIK3-07",13,1,,54,1,,833,"AW",,"AFW",,,8-10-2007
"CUIK3-07",13,1,,55,1,,834,"AW",,"AFW",,,8-10-2007
"CUIK3-07",13,1,,95,1,,835,"AW",,"AFW",,,8-10-2007
"CUIK3-07",13,1,,96,1,,836,"AW",,"AFW",,,8-10-2007
"CUIK3-07",13,1,,65,1,,837,"AW",,"AFW",,,8-10-2007
"CUIK3-07",13,1,,56,1,,838,"MIX",,"AFW",,,8-10-2007
"CUIK3-07",13,1,,32,1,,839,"AW",,"AFW",,,8-10-2007
"CUIK3-07",13,1,,46,1,,840,"AW",,"AFW",,,8-10-2007
"CUIK3-07",13,1,,44,1,,841,"AW",,"AFW",,,8-10-2007
"CUIK3-07",13,1,,48,1,,842,"MIX",,"COUP",,,8-10-2007
"CUIK3-07",13,1,,49,1,,843,"MIX",,"COUP",,,8-10-2007
"CUIK3-07",13,1,,50,1,,844,"AW",,"COUP",,,8-10-2007
"CUIK3-07",13,1,,48,1,,845,"AW",,"COUP",,,8-10-2007
"CUIK3-07",13,1,,33,1,,850,"MIX",,"AFW",,,8-10-2007
"CUIK3-07",13,1,,33,2,,851,"MIX",,"AFW",,,8-10-2007
"CUIK3-07",13,1,,31,1,,852,"MIX",,"AFW",,,8-10-2007
"CUIK3-07",13,1,,36,1,,853,"AW",,"COUP",,,8-10-2007
"CUIK3-07",13,1,,59,,,854,"AW",,"AFW",,,8-10-2007
"CUIK3-07",13,1,,113,3,,855,"MIX",,"AFW",,,8-10-2007
"CUIK3-07",13,1,,113,1,,856,"AW",,"AFW",,,8-10-2007
"CUIK3-07",13,1,,36,1,,857,"AW",,"COUP",,,8-10-2007
"CUIK3-07",13,1,,99,1,,858,"AW",,"COUP",,,8-10-2007
"CUIK3-07",13,1,,29,1,,859,"AW",,"AFW",,,8-10-2007
"CUIK3-07",13,1,,102,1,,860,"AW",,"AFW",,,8-10-2007
"CUIK3-07",13,1,,45,1,,861,"AW",,"COUP",,,8-10-2007
"CUIK3-07",13,1,,38,1,,862,"AW",,"COUP",,,8-10-2007
"CUIK3-07",13,1,,51,,,863,"MIX",,"COUP",,,8-10-2007
"CUIK3-07",13,1,,47,,,864,"AW",,"COUP",,,8-10-2007
"CUIK3-07",13,1,,50,,,865,"AW",,"COUP",,,8-10-2007
"CUIK3-07",13,1,,63,1,,866,"MIX",,"AFW",,,8-10-2007
"CUIK3-07",13,1,,89,,,867,"MIX",,"COUP",,,8-10-2007
"CUIK3-07",13,1,,89,,,868,"AW",,"COUP",,,8-10-2007
"CUIK3-07",13,1,,43,,,869,"MIX",,"COUP",,,8-10-2007
"CUIK3-07",13,1,,45,2,,870,"AW",,"AFW",,,8-10-2007
"CUIK3-07",13,1,,27,1,,871,"AW",,"AFW",,,8-10-2007
"CUIK3-07",13,1,,69,1,,872,"MIX",,"COUP",,,8-10-2007
"CUIK3-07",13,1,,23,1,,873,"MIX",,"COUP",,,8-10-2007
"CUIK3-07",13,1,,40,1,,874,"AW",,"AFW",,,8-10-2007
"CUIK3-07",13,1,,117,1,,875,"MIX",,"COUP",,,8-10-2007
"CUIK3-07",13,1,,47,1,,876,"MIX",,"COUP",,,8-10-2007
"CUIK3-07",13,1,,49,,,877,"MIX",,"COUP",,,8-10-2007
"CUIK3-07",22,2,,3000,,,878,"AW",,"AANV",,"vak ontbreekt",8-10-2007
"CUIK3-07",22,2,,3000,,,879,"AW",,"AANV",,"vak ontbreekt",8-10-2007
"CUIK3-07",22,2,,47,1,,880,"AW",,"COUP",,,8-10-2007
"CUIK3-07",22,2,,3000,,,881,"AW",,"AANV",,"vak ontbreekt",8-10-2007
"CUIK3-07",22,2,,3000,,,882,"AW",,"AANV",,"vak ontbreekt",8-10-2007
"CUIK3-07",22,2,,41,1,,883,"AW",,"COUP",,,8-10-2007
"CUIK3-07",22,2,,3000,,,884,"AW",,"AANV",,"vak ontbreekt",8-10-2007
"CUIK3-07",22,2,,36,,,885,"AW",,"AFW",,,8-10-2007
"CUIK3-07",13,1,,47,1,,886,"MIX",,"AFW",,,8-10-2007
"CUIK3-07",13,1,,49,3,,887,"MIX",,"AFW",,,8-10-2007
"CUIK3-07",13,1,,116,1,,888,"MIX",,"COUP",,,8-10-2007
"CUIK3-07",13,1,,118,,,889,"AW",,"COUP",,,8-10-2007
"CUIK3-07",22,2,,34,2,,890,,"MZ","AFW",,,8-10-2007
"CUIK3-07",13,2,,103,,,891,"MIX",,"AANV",,,8-10-2007
"CUIK3-07",13,2,,43,1,,892,"MIX",,"AANV",,,8-10-2007
"CUIK3-07",13,1,,47,,,893,"AW",,"AFW",,,8-10-2007
"CUIK3-07",25,1,,29,1,,894,"AW",,"COUP",,,8-10-2007
"CUIK3-07",25,1,,31,1,,895,"VST",,"COUP",,,8-10-2007
"CUIK3-07",25,1,,27,1,,896,"MIX",,"COUP",,,8-10-2007
"CUIK3-07",24,2,,19,1,,897,,"MZ","COUP",,"verbrande eikels",8-10-2007
"CUIK3-07",24,2,,16,1,,898,"MIX",,"AFW",,,8-10-2007
"CUIK3-07",24,2,204,3000,,,899,"AW",,"AANV",,,8-10-2007
"CUIK3-07",13,2,,21,1,,900,"MIX",,"AFW",,,8-10-2007
"CUIK3-07",13,2,,149,1,,901,"MIX",,"COUP",,,8-10-2007
"CUIK3-07",13,2,,149,2,,902,"MIX",,"COUP",,,8-10-2007
"CUIK3-07",13,2,,155,1,,903,"MIX",,"COUP",,,8-10-2007
"CUIK3-07",13,2,,168,1,,904,"MIX",,"COUP",,,8-10-2007
"CUIK3-07",13,2,,154,1,,905,"AW",,"AFW",,,8-10-2007
"CUIK3-07",13,2,,166,2,,906,"MIX",,"COUP",,,8-10-2007
"CUIK3-07",13,2,,172,1,,907,"MIX",,"AFW",,,8-10-2007
"CUIK3-07",13,2,,175,1,,908,"MIX",,"AFW",,,8-10-2007
"CUIK3-07",13,2,,162,1,,909,"AW",,"SCHA",,,8-10-2007
"CUIK3-07",13,2,,160,1,,910,"MIX",,"SCHA",,,8-10-2007
"CUIK3-07",28,1,101,3000,1,,911,"VST",,"AANV",,,8-10-2007
"CUIK3-07",28,1,,3000,1,,912,"AW",,"AANV",,,8-10-2007
"CUIK3-07",28,1,102,3000,1,,913,"AW",,"AANV",,,8-10-2007
"CUIK3-07",28,1,103,3000,1,,914,"AW",,"AANV",,,8-10-2007
"CUIK3-07",28,1,104,4000,1,,915,"AW",,"AANV",,,8-10-2007
"CUIK3-07",28,1,105,3000,1,,916,"AW",,"AANV",,,8-10-2007
"CUIK3-07",28,1,106,3000,1,,917,"AW",,"AANV",,,8-10-2007
"CUIK3-07",28,1,,3000,1,,918,"AW",,"AANV",,,8-10-2007
"CUIK3-07",28,1,,3000,1,,919,"AW",,"AANV",,,8-10-2007
"CUIK3-07",28,1,,3000,1,,920,"AW",,"AANV",,,8-10-2007
"CUIK3-07",28,1,,3000,1,,921,"AW",,"AANV",,,8-10-2007
"CUIK3-07",28,1,,3000,1,,922,"AW",,"AANV",,,8-10-2007
"CUIK3-07",28,1,,3000,1,,923,"AW",,"AANV",,,8-10-2007
"CUIK3-07",28,1,207,3000,1,,924,"AW",,"AANV",,,8-10-2007
"CUIK3-07",28,1,206,3000,1,,925,"AW",,"AANV",,,8-10-2007
"CUIK3-07",28,1,203,3000,1,,926,"AW",,"AANV",,,8-10-2007
"CUIK3-07",28,1,,2,1,,927,"AW",,"COUP",,,8-10-2007
"CUIK3-07",28,1,,3,1,,928,"AW",,"COUP",,,8-10-2007
"CUIK3-07",28,1,,9,1,,929,"AW",,"COUP",,,8-10-2007
"CUIK3-07",28,1,,13,1,,930,"AW",,"COUP",,,8-10-2007
"CUIK3-07",28,1,,26,1,,931,"VST",,"COUP",,"schrabber?",8-10-2007
"CUIK3-07",28,1,,32,1,,932,"AW",,"COUP",,,8-10-2007
"CUIK3-07",29,1,,45,1,,933,"MIX",,"AANV",,,8-10-2007
"CUIK3-07",29,1,,71,1,,934,"MIX",,"AANV",,,8-10-2007
"CUIK3-07",29,1,,146,1,,935,"MIX",,"AANV",,,8-10-2007
"CUIK3-07",29,1,,145,1,,936,"MET",,"AANV",,,8-10-2007
"CUIK3-07",29,1,,158,1,,937,"MIX",,"AANV",,,8-10-2007
"CUIK3-07",29,1,,22,1,,938,"NS",,"AANV",,,8-10-2007
"CUIK3-07",29,1,,5,1,,939,"AW",,"AANV",,,8-10-2007
"CUIK3-07",29,1,202,3000,1,,940,"AW",,"AANV",,,8-10-2007
"CUIK3-07",28,1,,48,1,,941,"AW",,"COUP",,,8-10-2007
"CUIK3-07",28,1,,50,1,,942,"MIX",,"COUP",,,8-10-2007
"CUIK3-07",28,1,,51,1,,943,"AW",,"COUP",,,8-10-2007
"CUIK3-07",28,1,,58,1,,944,"AW",,"COUP",,,8-10-2007
"CUIK3-07",28,1,,55,1,,945,"AW",,"COUP",,,8-10-2007
"CUIK3-07",28,1,,86,1,,946,"MIX",,"COUP",,,8-10-2007
"CUIK3-07",28,1,,83,1,,947,"AW",,"COUP",,,8-10-2007
"CUIK3-07",28,1,,79,1,,948,"AW",,"COUP",,,8-10-2007
"CUIK3-07",28,1,,62,1,,949,"MIX",,"COUP",,,8-10-2007
"CUIK3-07",29,1,,146,1,,950,"MIX",,"COUP",,,8-10-2007
"CUIK3-07",29,1,,147,1,,951,"AW",,"COUP",,,8-10-2007
"CUIK3-07",29,1,,68,1,,952,"MIX",,"AANV",,,8-10-2007
"CUIK3-07",29,1,,75,1,,953,"AW",,"COUP",,,8-10-2007
"CUIK3-07",29,1,,164,1,,954,"AW",,"COUP",,,8-10-2007
"CUIK3-07",28,1,,48,1,,955,"AW",,"AFW",,,8-10-2007
"CUIK3-07",28,1,,49,1,,956,"MIX",,"AFW",,,8-10-2007
"CUIK3-07",28,1,,50,1,,957,"MIX",,"AFW",,,8-10-2007
"CUIK3-07",28,1,,51,1,,958,"AW",,"AFW",,,8-10-2007
"CUIK3-07",28,1,,34,1,,959,"AW",,"AFW",,,8-10-2007
"CUIK3-07",28,1,,40,1,,960,"AW",,"AFW",,,8-10-2007
"CUIK3-07",28,1,,61,1,,961,"AW",,"AFW",,,8-10-2007
"CUIK3-07",28,1,,66,1,,962,"AW",,"AFW",,,8-10-2007
"CUIK3-07",28,1,,86,1,,963,"AW",,"AFW",,,8-10-2007
"CUIK3-07",28,1,,86,2,,964,"AW",,"AFW",,,8-10-2007
"CUIK3-07",29,1,102,999,1,,965,"NS",,"SPIT",,"schrijf-stilo?",8-10-2007
"CUIK3-07",30,1,,62,1,,966,"MIX",,"AANV",,,8-10-2007
"CUIK3-07",30,1,201,3000,1,,967,"MIX",,"AANV",,,8-10-2007
"CUIK3-07",30,1,,101,1,,968,"MIX",,"AANV",,"mogelijk ook crema tussen",8-10-2007
"CUIK3-07",30,1,,64,1,,969,"MIX",,"AANV",,,8-10-2007
"CUIK3-07",30,1,,69,1,,970,"MIX",,"AANV",,,8-10-2007
"CUIK3-07",30,1,,70,1,,971,"MIX",,"AANV",,,8-10-2007
"CUIK3-07",30,1,105,3000,1,,972,"MIX",,"AANV",,,8-10-2007
"CUIK3-07",30,1,,111,1,,973,"MIX",,"AANV",,,8-10-2007
"CUIK3-07",30,1,,114,1,,974,"MIX",,"AANV",,,8-10-2007
"CUIK3-07",30,1,,123,1,,975,"MIX",,"AANV",,,8-10-2007
"CUIK3-07",29,1,202,3000,1,,976,"MET",,"AANV",,"muntje",8-10-2007
"CUIK3-07",29,1,104,3000,1,,977,"MET",,"AANV",,,8-10-2007
"CUIK3-07",29,1,,1,1,,978,"AW",,"COUP",,,8-10-2007
"CUIK3-07",29,1,,5,1,,979,"AW",,"COUP",,,8-10-2007
"CUIK3-07",29,1,,10,1,,980,"MET",,"COUP",,,8-10-2007
"CUIK3-07",29,1,,18,1,,981,"AW",,"COUP",,,8-10-2007
"CUIK3-07",29,1,,26,1,,982,"AW",,"COUP",,,8-10-2007
"CUIK3-07",29,1,,29,1,,983,"AW",,"COUP",,,8-10-2007
"CUIK3-07",29,1,,30,1,,984,"MIX",,"COUP",,,8-10-2007
"CUIK3-07",29,1,,32,1,,985,"AW",,"COUP",,,8-10-2007
"CUIK3-07",29,1,,47,1,,986,"AW",,"COUP",,,8-10-2007
"CUIK3-07",29,1,105,3000,1,,987,"AW",,"AANV",,,8-10-2007
"CUIK3-07",29,1,106,3000,1,,988,"MIX",,"AANV",,,8-10-2007
"CUIK3-07",29,1,201,3000,1,,989,"AW",,"AANV",,,8-10-2007
"CUIK3-07",29,1,,140,1,,990,"AW",,"COUP",,,8-10-2007
"CUIK3-07",29,1,,158,1,,991,"MIX",,"COUP",,,8-10-2007
"CUIK3-07",29,1,,126,1,,992,"AW",,"AFW",,,8-10-2007
"CUIK3-07",29,1,,114,1,,993,"MIX",,"AFW",,,8-10-2007
"CUIK3-07",29,1,,117,1,,994,"AW",,"AFW",,,8-10-2007
"CUIK3-07",29,1,,141,1,,995,"MET",,"AFW",,,8-10-2007
"CUIK3-07",29,1,,134,1,,996,"MIX",,"AFW",,,8-10-2007
"CUIK3-07",29,1,,158,1,,997,"AW",,"AFW",,,8-10-2007
"CUIK3-07",29,1,,146,1,,998,"AW",,"AFW",,,8-10-2007
"CUIK3-07",29,1,,158,1,,999,"AW",,"AFW",,,8-10-2007
"CUIK3-07",29,1,,186,1,,1000,"AW",,"AFW",,,8-10-2007
"CUIK3-07",29,1,,72,1,,1001,"AW",,"AFW",,,8-10-2007
"CUIK3-07",29,1,,93,1,,1002,"AW",,"AFW",,,8-10-2007
"CUIK3-07",29,1,,86,1,,1003,"MIX",,"AFW",,,8-10-2007
"CUIK3-07",30,1,,12,1,,1004,"AW",,"COUP",,,8-10-2007
"CUIK3-07",30,1,,26,1,,1005,"AW",,"COUP",,,8-10-2007
"CUIK3-07",30,1,,30,1,,1006,"MIX",,"COUP",,,8-10-2007
"CUIK3-07",30,1,,37,1,,1007,"MIX",,"COUP",,,8-10-2007
"CUIK3-07",30,1,,49,1,,1008,"MIX",,"COUP",,,8-10-2007
"CUIK3-07",30,1,,42,1,,1009,"MIX",,"COUP",,,8-10-2007
"CUIK3-07",29,1,,184,1,,1010,"MIX",,"COUP",,,8-10-2007
"CUIK3-07",29,1,,171,1,,1011,"MIX",,"COUP",,,8-10-2007
"CUIK3-07",29,1,,172,1,,1012,"MIX",,"COUP",,,8-10-2007
"CUIK3-07",29,1,,173,1,,1013,"MIX",,"COUP",,,8-10-2007
"CUIK3-07",29,1,,183,1,,1014,"MIX",,"COUP",,,8-10-2007
"CUIK3-07",31,1,101,3000,1,,1015,"MIX",,"AANV",,,8-10-2007
"CUIK3-07",31,1,,1,1,,1016,"AW",,"AANV",,,8-10-2007
"CUIK3-07",31,1,,15,1,,1017,"MIX",,"AANV",,,8-10-2007
"CUIK3-07",31,1,102,3000,1,,1018,"MIX",,"AANV",,,8-10-2007
"CUIK3-07",31,1,,20,1,,1019,"AW",,"AANV",,,8-10-2007
"CUIK3-07",30,1,106,3000,1,,1020,"AW",,"AANV",,,8-10-2007
"CUIK3-07",30,1,204,3000,1,,1021,"AW",,"AANV",,,8-10-2007
"CUIK3-07",30,1,204,3000,1,,1022,"AW",,"AANV",,,8-10-2007
"CUIK3-07",30,1,204,3000,1,,1023,"AW",,"AANV",,,8-10-2007
"CUIK3-07",30,1,,59,1,,1024,"AW",,"COUP",,,8-10-2007
"CUIK3-07",30,1,,62,1,,1025,"AW",,"COUP",,"UIT VULLING 1-5",8-10-2007
"CUIK3-07",30,1,,64,1,,1026,"AW",,"COUP",,,8-10-2007
"CUIK3-07",30,1,,65,1,,1027,"AW",,"COUP",,,8-10-2007
"CUIK3-07",30,1,,66,1,,1028,"AW",,"COUP",,,8-10-2007
"CUIK3-07",30,1,,67,1,,1029,"AW",,"COUP",,,8-10-2007
"CUIK3-07",30,1,,68,1,,1030,"AW",,"COUP",,,8-10-2007
"CUIK3-07",30,1,,69,1,,1031,"AW",,"COUP",,,8-10-2007
"CUIK3-07",30,1,,100,1,,1032,"AW",,"COUP",,,8-10-2007
"CUIK3-07",30,1,,98,1,,1033,"AW",,"COUP",,,8-10-2007
"CUIK3-07",30,1,,102,1,,1034,"AW",,"COUP",,,8-10-2007
"CUIK3-07",30,1,,109,1,,1035,"AW",,"COUP",,,8-10-2007
"CUIK3-07",30,1,,111,1,,1036,"AW",,"COUP",,,8-10-2007
"CUIK3-07",30,1,,112,1,,1037,"AW",,"COUP",,,8-10-2007
"CUIK3-07",30,1,,113,1,,1038,"AW",,"COUP",,,8-10-2007
"CUIK3-07",30,1,,114,1,,1039,"AW",,"COUP",,,8-10-2007
"CUIK3-07",30,1,,117,1,,1040,"AW",,"COUP",,,8-10-2007
"CUIK3-07",30,1,,115,1,,1041,"AW",,"COUP",,,8-10-2007
"CUIK3-07",30,1,,123,1,,1042,"AW",,"COUP",,,8-10-2007
"CUIK3-07",30,1,,119,1,,1043,"AW",,"COUP",,,8-10-2007
"CUIK3-07",30,1,,101,1,,1044,"MIX",,"COUP",,,8-10-2007
"CUIK3-07",30,1,,63,1,,1045,"MIX",,"COUP",,,8-10-2007
"CUIK3-07",30,1,205,3000,1,,1046,"MIX",,"AANV",,,8-10-2007
"CUIK3-07",30,1,,66,1,,1047,,"MHK","COUP",,,8-10-2007
"CUIK3-07",30,1,,64,1,,1048,,"MHK","COUP",,,8-10-2007
"CUIK3-07",30,1,,62,8,,1049,"MIX",,"AFW",,"ook wat hk",8-10-2007
"CUIK3-07",30,1,,62,3,,1050,"AW",,"AFW",,,8-10-2007
"CUIK3-07",30,1,,63,2,,1051,"AW",,"AFW",,,8-10-2007
"CUIK3-07",30,1,,109,1,,1052,"MIX",,"AFW",,,8-10-2007
"CUIK3-07",30,1,,117,1,,1053,"AW",,"AFW",,,8-10-2007
"CUIK3-07",30,1,,110,1,,1054,"AW",,"AFW",,,8-10-2007
"CUIK3-07",30,1,,62,6,,1055,"VST",,"AFW",,,8-10-2007
"CUIK3-07",30,1,,126,1,,1056,"MIX",,"AFW",,,8-10-2007
"CUIK3-07",30,1,,62,11,,1057,"AW",,"AFW",,,8-10-2007
"CUIK3-07",30,1,,62,9,,1058,"AW",,"AFW",,,8-10-2007
"CUIK3-07",30,1,,116,1,,1059,"MIX",,"AFW",,,8-10-2007
"CUIK3-07",30,1,,123,1,,1060,"AW",,"AFW",,,8-10-2007
"CUIK3-07",30,1,,128,1,,1061,"MIX",,"AFW",,,8-10-2007
"CUIK3-07",30,1,107,4000,1,,1062,"MIX",,"AANV",,,8-10-2007
"CUIK3-07",30,1,,133,2,,1063,"AW",,"COUP",,,8-10-2007
"CUIK3-07",30,1,,102,1,,1064,"AW",,"AFW",,,8-10-2007
"CUIK3-07",30,1,,129,1,,1065,"AW",,"AFW",,,8-10-2007
"CUIK3-07",30,1,,127,1,,1066,"MIX",,"AFW",,,8-10-2007
"CUIK3-07",30,1,,62,4,,1067,"MIX",,"AFW",,,8-10-2007
"CUIK3-07",30,1,,63,1,,1068,"MIX",,"AFW",,,8-10-2007
"CUIK3-07",30,1,,62,1,,1069,"MIX",,"AFW",,,8-10-2007
"CUIK3-07",30,1,207,3000,1,,1070,"MIX",,"AANV",,,8-10-2007
"CUIK3-07",30,1,,128,1,,1071,"MIX",,"AFW",,,8-10-2007
"CUIK3-07",13,1,,35,1,,1072,"MIX",,"COUP",,,8-10-2007
"CUIK3-07",13,1,,51,1,,1073,"MIX",,"AFW",,,8-10-2007
"CUIK3-07",32,1,201,3000,1,,1074,"MIX",,"AANV",,,8-10-2007
"CUIK3-07",32,1,104,3000,1,,1075,"AW",,"AANV",,"ROMEINS?",8-10-2007
"CUIK3-07",21,1,201,999,1,,1076,"NS",,"SPIT",,"STORTVONDST; BEWERKT NS?",8-10-2007
"CUIK3-07",22,2,,43,1,,1077,"MIX",,"COUP",,,8-10-2007
"CUIK3-07",29,2,,250,1,,1078,"MIX",,"COUP",,,8-10-2007
"CUIK3-07",29,2,,28,1,,1079,"AW",,"AFW",,,8-10-2007
"CUIK3-07",29,2,,239,1,,1080,"AW",,"AFW",,"LME",8-10-2007
"CUIK3-07",29,1,,999,1,,1081,"AW",,"SPIT",,"STORTVONDST",8-10-2007
"CUIK3-07",29,2,,233,1,,1082,"MIX",,"AFW",,,8-10-2007
"CUIK3-07",28,1,,9,1,,1083,"MIX",,"COUP",,,8-10-2007
"CUIK3-07",28,1,,26,1,,1084,"MIX",,"COUP",,,8-10-2007
"CUIK3-07",28,1,,13,1,,1085,"MIX",,"COUP",,,8-10-2007
"CUIK3-07",28,2,,91,3,,1086,,"MHK","COUP",,,8-10-2007
"CUIK3-07",28,2,,91,1,,1087,,"MHK","COUP",,,8-10-2007
"CUIK3-07",99,1,,999,1,,1088,"MET",,"DETC",,"METAALVONDSTEN STORT VERSPREID OVER TERREIN",8-10-2007
